FISCAL_YEAR,FISCAL_MONTH,FISCAL_WEEK,FY Qty Rate,SEGMENT1
2025,Jan25,2,91,822-3639-001
2025,Feb25,5,2265,966-4333-003
2025,Mar25,10,2465,966-2052-205
2025,Mar25,11,2475,822-2904-211+TL
2025,Mar25,11,2475,987-9055-202
2025,Mar25,12,2532,822-1600-137+TL
2025,Apr25,14,2550,523-0780737
2025,Apr25,14,2550,766-0020-002
2025,Apr25,14,2550,822-1600-137+TL
2025,Apr25,14,2550,822-1873-002
2025,Apr25,14,2550,822-2013-001
2025,Apr25,14,2550,822-2062-001
2025,Apr25,14,2550,822-2093-104
2025,Apr25,14,2550,822-2093-511
2025,Apr25,14,2550,822-2347-404
2025,Apr25,14,2550,822-2347-424
2025,Apr25,14,2550,822-2904-111
2025,Apr25,14,2550,822-2904-111+TL
2025,Apr25,14,2550,822-2904-211
2025,Apr25,14,2550,822-2904-211+TL
2025,Apr25,14,2550,822-3078-002
2025,Apr25,14,2550,822-3078-002+TL
2025,Apr25,14,2550,822-3198-003
2025,Apr25,14,2550,822-3198-003+TL
2025,Apr25,14,2550,822-3267-601
2025,Apr25,14,2550,822-3267-602
2025,Apr25,14,2550,822-3267-602+TL
2025,Apr25,14,2550,822-3399-002
2025,Apr25,14,2550,822-3505-001
2025,Apr25,14,2550,822-3527-002
2025,Apr25,14,2550,822-3589-001
2025,Apr25,14,2550,822-3592-001
2025,Apr25,14,2550,822-3634-502
2025,Apr25,14,2550,822-3634-502+TL
2025,Apr25,14,2550,822-3696-401
2025,Apr25,14,2550,835-1032-010
2025,Apr25,14,2550,922-0003-001
2025,Apr25,14,2550,944-1543-001
2025,Apr25,14,2550,944-3986-002
2025,Apr25,14,2550,966-1237-011
2025,Apr25,14,2550,966-1831-004=R
2025,Apr25,14,2550,966-2083-244
2025,Apr25,14,2550,966-2083-524
2025,Apr25,14,2550,966-2083-964
2025,Apr25,14,2550,966-2083-974
2025,Apr25,14,2550,966-2700-003
2025,Apr25,14,2550,966-3648-001
2025,Apr25,14,2550,966-5505-003
2025,Apr25,14,2550,966-7297-302
2025,Apr25,14,2550,966-7964-004
2025,Apr25,14,2550,966-8303-003
2025,Apr25,14,2550,966-8460-002
2025,Apr25,14,2550,966-8532-021
2025,Apr25,14,2550,966-8572-001
2025,Apr25,14,2550,966-8574-001
2025,Apr25,14,2550,966-8660-002
2025,Apr25,14,2550,983-9834-904
2025,Apr25,14,2550,983-9834-910
2025,Apr25,14,2550,987-0001-220
2025,Apr25,14,2550,987-0018-654
2025,Apr25,14,2550,987-0018-654+PR
2025,Apr25,14,2550,987-0018-661
2025,Apr25,14,2550,987-0019-544
2025,Apr25,14,2550,987-1334-003
2025,Apr25,14,2550,987-2618-011
2025,Apr25,14,2550,987-2618-021
2025,Apr25,14,2550,987-2618-121
2025,Apr25,14,2550,987-2618-321
2025,Apr25,14,2550,987-3594-100
2025,Apr25,14,2550,987-6016-001
2025,Apr25,14,2550,987-8237-010
2025,Apr25,14,2550,987-8760-002
2025,Apr25,14,2550,987-9658-001+TL
2025,Apr25,14,2550,987-9705-012
2025,Apr25,14,2550,987-9968-155
2025,Apr25,14,2550,987-9968-175
2025,Apr25,14,2550,CCA-000D-001
2025,Apr25,14,2550,CCA-0012-002
2025,Apr25,15,2611,523-0780737
2025,Apr25,15,2611,822-1600-137+TL
2025,Apr25,15,2611,822-1600-138
2025,Apr25,15,2611,822-1873-002
2025,Apr25,15,2611,822-2093-104
2025,Apr25,15,2611,822-2093-104+TL
2025,Apr25,15,2611,822-2347-404
2025,Apr25,15,2611,822-2347-404+TL
2025,Apr25,15,2611,822-2347-424
2025,Apr25,15,2611,822-2347-424+TL
2025,Apr25,15,2611,822-2904-111
2025,Apr25,15,2611,822-2904-111+TL
2025,Apr25,15,2611,822-2904-211
2025,Apr25,15,2611,822-2904-211+TL
2025,Apr25,15,2611,822-3078-002
2025,Apr25,15,2611,822-3198-003
2025,Apr25,15,2611,822-3198-003+TL
2025,Apr25,15,2611,822-3267-601
2025,Apr25,15,2611,822-3267-602
2025,Apr25,15,2611,822-3396-002
2025,Apr25,15,2611,822-3527-002
2025,Apr25,15,2611,835-1032-010
2025,Apr25,15,2611,966-2083-974
2025,Apr25,15,2611,966-2700-003
2025,Apr25,15,2611,966-2724-001
2025,Apr25,15,2611,966-3648-001
2025,Apr25,15,2611,987-2094-004
2025,Apr25,15,2611,987-2618-121
2025,Apr25,15,2611,987-2618-221
2025,Apr25,15,2611,987-2618-321
2025,Apr25,15,2611,987-8760-002
2025,Apr25,15,2611,987-9658-001+TL
2025,Apr25,15,2611,987-9705-012
2025,Apr25,15,2611,987-9705-012+TL
2025,Apr25,16,2679,523-0780737
2025,Apr25,16,2679,822-1600-137
2025,Apr25,16,2679,822-1600-137+TL
2025,Apr25,16,2679,822-2093-104
2025,Apr25,16,2679,822-2093-104+TL
2025,Apr25,16,2679,822-2347-404
2025,Apr25,16,2679,822-2347-404+TL
2025,Apr25,16,2679,822-2347-424
2025,Apr25,16,2679,822-2347-424+TL
2025,Apr25,16,2679,822-2904-111
2025,Apr25,16,2679,822-2904-111+TL
2025,Apr25,16,2679,822-2904-211
2025,Apr25,16,2679,822-2904-211+TL
2025,Apr25,16,2679,822-3078-002
2025,Apr25,16,2679,822-3198-003
2025,Apr25,16,2679,822-3198-003+TL
2025,Apr25,16,2679,822-3255-001+TL
2025,Apr25,16,2679,822-3267-601
2025,Apr25,16,2679,822-3267-602
2025,Apr25,16,2679,822-3396-002
2025,Apr25,16,2679,822-3527-002
2025,Apr25,16,2679,831-6000-001
2025,Apr25,16,2679,835-1032-010
2025,Apr25,16,2679,966-2700-003
2025,Apr25,16,2679,966-2919-004
2025,Apr25,16,2679,966-3648-001
2025,Apr25,16,2679,966-7964-004
2025,Apr25,16,2679,966-8303-003
2025,Apr25,16,2679,983-9834-212
2025,Apr25,16,2679,987-2094-004
2025,Apr25,16,2679,987-2434-300
2025,Apr25,16,2679,987-2618-321
2025,Apr25,16,2679,987-8760-002
2025,Apr25,16,2679,987-8760-002+TL
2025,Apr25,16,2679,987-9055-202
2025,Apr25,16,2679,987-9055-202+TL
2025,Apr25,16,2679,987-9705-012
2025,Apr25,16,2679,987-9705-012+TL
2025,Apr25,17,2574,277-1017-010
2025,Apr25,17,2574,523-0780737
2025,Apr25,17,2574,822-1600-137
2025,Apr25,17,2574,822-1600-137+TL
2025,Apr25,17,2574,822-2093-104
2025,Apr25,17,2574,822-2093-104+TL
2025,Apr25,17,2574,822-2347-404
2025,Apr25,17,2574,822-2347-404+TL
2025,Apr25,17,2574,822-2347-424
2025,Apr25,17,2574,822-2347-424+TL
2025,Apr25,17,2574,822-2904-111
2025,Apr25,17,2574,822-2904-111+TL
2025,Apr25,17,2574,822-2904-211
2025,Apr25,17,2574,822-2904-211+TL
2025,Apr25,17,2574,822-3078-002
2025,Apr25,17,2574,822-3198-003
2025,Apr25,17,2574,822-3198-003+TL
2025,Apr25,17,2574,822-3198-013+TL
2025,Apr25,17,2574,822-3255-001
2025,Apr25,17,2574,822-3255-001+TL
2025,Apr25,17,2574,822-3267-601
2025,Apr25,17,2574,822-3267-601+TL
2025,Apr25,17,2574,822-3267-602
2025,Apr25,17,2574,822-3267-602+TL
2025,Apr25,17,2574,822-3527-002
2025,Apr25,17,2574,822-3527-002+TL
2025,Apr25,17,2574,822-3527-012+TL
2025,Apr25,17,2574,822-3592-011
2025,Apr25,17,2574,822-3697-001
2025,Apr25,17,2574,835-1032-010
2025,Apr25,17,2574,966-2083-974
2025,Apr25,17,2574,966-2303-001
2025,Apr25,17,2574,966-2700-003
2025,Apr25,17,2574,966-3648-001
2025,Apr25,17,2574,966-4011-002
2025,Apr25,17,2574,983-9834-111
2025,Apr25,17,2574,983-9834-111+SA
2025,Apr25,17,2574,983-9834-212
2025,Apr25,17,2574,983-9834-212+SA
2025,Apr25,17,2574,987-0018-661
2025,Apr25,17,2574,987-0018-661+PR
2025,Apr25,17,2574,987-1334-003
2025,Apr25,17,2574,987-2094-004
2025,Apr25,17,2574,987-2434-300
2025,Apr25,17,2574,987-2618-221
2025,Apr25,17,2574,987-2618-321
2025,Apr25,17,2574,987-3594-100
2025,Apr25,17,2574,987-7173-884
2025,Apr25,17,2574,987-7173-884+SA
2025,Apr25,17,2574,987-8574-778
2025,Apr25,17,2574,987-8760-002
2025,Apr25,17,2574,987-8760-002+TL
2025,Apr25,17,2574,987-9055-202
2025,Apr25,17,2574,987-9055-202+TL
2025,Apr25,17,2574,987-9705-012
2025,Apr25,17,2574,987-9705-012+TL
2025,May25,18,2567,523-0780737
2025,May25,18,2567,822-1600-137
2025,May25,18,2567,822-1600-137+TL
2025,May25,18,2567,822-2093-104
2025,May25,18,2567,822-2093-104+TL
2025,May25,18,2567,822-2347-404
2025,May25,18,2567,822-2347-404+TL
2025,May25,18,2567,822-2347-424
2025,May25,18,2567,822-2347-424+TL
2025,May25,18,2567,822-2904-111
2025,May25,18,2567,822-2904-111+TL
2025,May25,18,2567,822-2904-211
2025,May25,18,2567,822-2904-211+TL
2025,May25,18,2567,822-3078-002
2025,May25,18,2567,822-3198-003
2025,May25,18,2567,822-3198-003+TL
2025,May25,18,2567,822-3198-013
2025,May25,18,2567,822-3198-013+TL
2025,May25,18,2567,822-3255-001
2025,May25,18,2567,822-3255-001+TL
2025,May25,18,2567,822-3267-601
2025,May25,18,2567,822-3267-601+TL
2025,May25,18,2567,822-3267-602
2025,May25,18,2567,822-3396-012+TL
2025,May25,18,2567,822-3527-002
2025,May25,18,2567,822-3527-002+TL
2025,May25,18,2567,822-3527-012
2025,May25,18,2567,822-3527-012+TL
2025,May25,18,2567,822-3590-001
2025,May25,18,2567,822-3592-011
2025,May25,18,2567,822-3697-001
2025,May25,18,2567,835-1032-010
2025,May25,18,2567,966-2083-364
2025,May25,18,2567,966-2083-974
2025,May25,18,2567,966-2188-005
2025,May25,18,2567,966-2700-003
2025,May25,18,2567,966-3648-001
2025,May25,18,2567,966-6586-005
2025,May25,18,2567,983-9834-111
2025,May25,18,2567,983-9834-111+SA
2025,May25,18,2567,983-9834-212
2025,May25,18,2567,983-9834-212+SA
2025,May25,18,2567,987-0018-661
2025,May25,18,2567,987-0018-661+PR
2025,May25,18,2567,987-1334-003
2025,May25,18,2567,987-2094-004
2025,May25,18,2567,987-2434-300
2025,May25,18,2567,987-2618-021+TL
2025,May25,18,2567,987-2618-221
2025,May25,18,2567,987-2618-321
2025,May25,18,2567,987-2618-321+TL
2025,May25,18,2567,987-7173-884
2025,May25,18,2567,987-7173-884+SA
2025,May25,18,2567,987-8760-002
2025,May25,18,2567,987-8760-002+TL
2025,May25,18,2567,987-9055-202
2025,May25,18,2567,987-9055-202+TL
2025,May25,18,2567,987-9705-012
2025,May25,18,2567,987-9705-012+TL
2025,May25,18,2567,CCA-0019-401
2025,May25,18,2567,CCA-003D-001
2025,May25,19,2506,277-1017-010
2025,May25,19,2506,523-0780737
2025,May25,19,2506,822-1600-137
2025,May25,19,2506,822-1600-137+TL
2025,May25,19,2506,822-1873-003+TL
2025,May25,19,2506,822-2093-104
2025,May25,19,2506,822-2093-104+TL
2025,May25,19,2506,822-2347-404
2025,May25,19,2506,822-2347-404+TL
2025,May25,19,2506,822-2347-424
2025,May25,19,2506,822-2347-424+TL
2025,May25,19,2506,822-2904-111
2025,May25,19,2506,822-2904-111+TL
2025,May25,19,2506,822-2904-211
2025,May25,19,2506,822-2904-211+TL
2025,May25,19,2506,822-3078-002
2025,May25,19,2506,822-3198-003
2025,May25,19,2506,822-3198-003+TL
2025,May25,19,2506,822-3198-013
2025,May25,19,2506,822-3198-013+TL
2025,May25,19,2506,822-3255-001
2025,May25,19,2506,822-3255-001+TL
2025,May25,19,2506,822-3267-601
2025,May25,19,2506,822-3267-601+TL
2025,May25,19,2506,822-3267-602
2025,May25,19,2506,822-3396-012+TL
2025,May25,19,2506,822-3527-002
2025,May25,19,2506,822-3527-002+TL
2025,May25,19,2506,822-3527-012
2025,May25,19,2506,822-3527-012+TL
2025,May25,19,2506,822-3592-011
2025,May25,19,2506,822-3697-001
2025,May25,19,2506,835-1032-010
2025,May25,19,2506,944-2589-006
2025,May25,19,2506,944-3765-008
2025,May25,19,2506,944-3767-105
2025,May25,19,2506,966-2083-364
2025,May25,19,2506,966-2083-974
2025,May25,19,2506,966-2499-006
2025,May25,19,2506,966-2700-004
2025,May25,19,2506,966-2859-010
2025,May25,19,2506,966-3648-001
2025,May25,19,2506,966-4333-003
2025,May25,19,2506,966-4516-007
2025,May25,19,2506,966-4662-006
2025,May25,19,2506,966-6305-002
2025,May25,19,2506,966-6586-004
2025,May25,19,2506,966-6586-005
2025,May25,19,2506,966-7400-011
2025,May25,19,2506,983-9834-111
2025,May25,19,2506,983-9834-111+SA
2025,May25,19,2506,983-9834-212
2025,May25,19,2506,983-9834-212+SA
2025,May25,19,2506,987-0018-661
2025,May25,19,2506,987-0018-661+PR
2025,May25,19,2506,987-1334-003
2025,May25,19,2506,987-2094-004
2025,May25,19,2506,987-2434-300
2025,May25,19,2506,987-2618-021+TL
2025,May25,19,2506,987-2618-221
2025,May25,19,2506,987-2618-221+TL
2025,May25,19,2506,987-2618-321
2025,May25,19,2506,987-2618-321+TL
2025,May25,19,2506,987-3594-110
2025,May25,19,2506,987-7173-080
2025,May25,19,2506,987-7173-884
2025,May25,19,2506,987-7173-884+SA
2025,May25,19,2506,987-8760-002
2025,May25,19,2506,987-8760-002+TL
2025,May25,19,2506,987-8770-002
2025,May25,19,2506,987-9055-202
2025,May25,19,2506,987-9055-202+TL
2025,May25,19,2506,987-9705-012
2025,May25,19,2506,987-9705-012+TL
2025,May25,19,2506,987-9705-112
2025,May25,19,2506,CCA-000C-001
2025,May25,19,2506,CCA-001F-001
2025,May25,20,2581,277-1017-010
2025,May25,20,2581,523-0780737
2025,May25,20,2581,601-0600-008
2025,May25,20,2581,766-0000-001+TL
2025,May25,20,2581,822-1600-137
2025,May25,20,2581,822-1600-138
2025,May25,20,2581,822-1600-138+TL
2025,May25,20,2581,822-1873-003+TL
2025,May25,20,2581,822-2093-104
2025,May25,20,2581,822-2093-104+TL
2025,May25,20,2581,822-2347-404
2025,May25,20,2581,822-2347-404+TL
2025,May25,20,2581,822-2347-424
2025,May25,20,2581,822-2347-424+TL
2025,May25,20,2581,822-2904-111
2025,May25,20,2581,822-2904-111+TL
2025,May25,20,2581,822-2904-211
2025,May25,20,2581,822-2904-211+TL
2025,May25,20,2581,822-3078-002
2025,May25,20,2581,822-3198-003
2025,May25,20,2581,822-3198-003+TL
2025,May25,20,2581,822-3198-013
2025,May25,20,2581,822-3198-013+TL
2025,May25,20,2581,822-3255-001
2025,May25,20,2581,822-3255-001+TL
2025,May25,20,2581,822-3267-601
2025,May25,20,2581,822-3267-601+TL
2025,May25,20,2581,822-3396-012
2025,May25,20,2581,822-3396-012+TL
2025,May25,20,2581,822-3527-002
2025,May25,20,2581,822-3527-002+TL
2025,May25,20,2581,822-3527-012
2025,May25,20,2581,822-3592-011
2025,May25,20,2581,822-3697-001
2025,May25,20,2581,831-6000-001
2025,May25,20,2581,835-1032-010
2025,May25,20,2581,944-3765-008
2025,May25,20,2581,944-3767-105
2025,May25,20,2581,966-2083-364
2025,May25,20,2581,966-2083-974
2025,May25,20,2581,966-2188-104
2025,May25,20,2581,966-2303-001
2025,May25,20,2581,966-2335-002
2025,May25,20,2581,966-2631-003
2025,May25,20,2581,966-2700-004
2025,May25,20,2581,966-2859-010
2025,May25,20,2581,966-3648-001
2025,May25,20,2581,966-4516-007
2025,May25,20,2581,966-4518-006
2025,May25,20,2581,966-4974-003
2025,May25,20,2581,966-6586-004
2025,May25,20,2581,966-6586-005
2025,May25,20,2581,966-6969-004
2025,May25,20,2581,966-6971-005
2025,May25,20,2581,966-6973-004
2025,May25,20,2581,966-6973-104
2025,May25,20,2581,966-7400-011
2025,May25,20,2581,966-8492-004
2025,May25,20,2581,966-8532-022
2025,May25,20,2581,966-8660-002
2025,May25,20,2581,983-9834-111
2025,May25,20,2581,983-9834-111+SA
2025,May25,20,2581,983-9834-212
2025,May25,20,2581,983-9834-212+SA
2025,May25,20,2581,987-0018-661
2025,May25,20,2581,987-0018-661+PR
2025,May25,20,2581,987-1334-003
2025,May25,20,2581,987-2094-004
2025,May25,20,2581,987-2434-300
2025,May25,20,2581,987-2618-021
2025,May25,20,2581,987-2618-121
2025,May25,20,2581,987-2618-221
2025,May25,20,2581,987-2618-221+TL
2025,May25,20,2581,987-2618-321
2025,May25,20,2581,987-2618-321+TL
2025,May25,20,2581,987-3594-110
2025,May25,20,2581,987-7173-884
2025,May25,20,2581,987-7173-884+SA
2025,May25,20,2581,987-8760-002
2025,May25,20,2581,987-8760-002+TL
2025,May25,20,2581,987-9055-202
2025,May25,20,2581,987-9055-202+TL
2025,May25,20,2581,987-9705-012
2025,May25,20,2581,987-9705-012+TL
2025,May25,20,2581,CCA-0069-001
2025,May25,21,2615,277-1017-010
2025,May25,21,2615,523-0780737
2025,May25,21,2615,766-0000-001
2025,May25,21,2615,822-1600-138
2025,May25,21,2615,822-1600-138+TL
2025,May25,21,2615,822-1873-003
2025,May25,21,2615,822-1873-003+TL
2025,May25,21,2615,822-2093-104
2025,May25,21,2615,822-2093-104+TL
2025,May25,21,2615,822-2347-404
2025,May25,21,2615,822-2347-404+TL
2025,May25,21,2615,822-2347-424
2025,May25,21,2615,822-2347-424+TL
2025,May25,21,2615,822-2904-111
2025,May25,21,2615,822-2904-111+TL
2025,May25,21,2615,822-2904-211
2025,May25,21,2615,822-2904-211+TL
2025,May25,21,2615,822-3078-002
2025,May25,21,2615,822-3078-002+TL
2025,May25,21,2615,822-3198-003
2025,May25,21,2615,822-3198-003+TL
2025,May25,21,2615,822-3198-013
2025,May25,21,2615,822-3198-013+TL
2025,May25,21,2615,822-3255-001
2025,May25,21,2615,822-3255-001+TL
2025,May25,21,2615,822-3267-601
2025,May25,21,2615,822-3267-601+TL
2025,May25,21,2615,822-3396-012
2025,May25,21,2615,822-3396-012+TL
2025,May25,21,2615,822-3527-002
2025,May25,21,2615,822-3527-002+TL
2025,May25,21,2615,822-3527-012+TL
2025,May25,21,2615,822-3592-011
2025,May25,21,2615,822-3697-001
2025,May25,21,2615,822-3697-001+TL
2025,May25,21,2615,835-1032-010
2025,May25,21,2615,944-3765-008
2025,May25,21,2615,944-3767-105
2025,May25,21,2615,966-2052-405
2025,May25,21,2615,966-2083-244
2025,May25,21,2615,966-2083-364
2025,May25,21,2615,966-2083-974
2025,May25,21,2615,966-2300-482
2025,May25,21,2615,966-2700-004
2025,May25,21,2615,966-2859-010
2025,May25,21,2615,966-3200-004
2025,May25,21,2615,966-3648-001
2025,May25,21,2615,966-4011-002
2025,May25,21,2615,966-4333-003
2025,May25,21,2615,966-4516-007
2025,May25,21,2615,966-4518-006
2025,May25,21,2615,966-5704-005
2025,May25,21,2615,966-5704-015
2025,May25,21,2615,966-6307-102
2025,May25,21,2615,966-6584-014
2025,May25,21,2615,966-6586-004
2025,May25,21,2615,966-6586-005
2025,May25,21,2615,966-7400-011
2025,May25,21,2615,983-9834-111
2025,May25,21,2615,983-9834-111+SA
2025,May25,21,2615,983-9834-212
2025,May25,21,2615,983-9834-212+SA
2025,May25,21,2615,987-0018-661
2025,May25,21,2615,987-0018-661+PR
2025,May25,21,2615,987-1334-003
2025,May25,21,2615,987-2094-004
2025,May25,21,2615,987-2434-300
2025,May25,21,2615,987-2618-021
2025,May25,21,2615,987-2618-121
2025,May25,21,2615,987-2618-221
2025,May25,21,2615,987-2618-221+TL
2025,May25,21,2615,987-2618-321
2025,May25,21,2615,987-2618-321+TL
2025,May25,21,2615,987-3594-110
2025,May25,21,2615,987-7173-884
2025,May25,21,2615,987-7173-884+SA
2025,May25,21,2615,987-8760-002
2025,May25,21,2615,987-8760-002+TL
2025,May25,21,2615,987-9055-202
2025,May25,21,2615,987-9055-202+TL
2025,May25,21,2615,987-9705-012
2025,May25,21,2615,987-9705-012+TL
2025,May25,21,2615,CCA-0050-001
2025,Jun25,22,1984,277-1017-010
2025,Jun25,22,1984,523-0780737
2025,Jun25,22,1984,822-1600-138
2025,Jun25,22,1984,822-1600-138+TL
2025,Jun25,22,1984,822-1873-003
2025,Jun25,22,1984,822-1873-003+TL
2025,Jun25,22,1984,822-2093-104
2025,Jun25,22,1984,822-2093-104+TL
2025,Jun25,22,1984,822-2347-404
2025,Jun25,22,1984,822-2347-404+TL
2025,Jun25,22,1984,822-2347-424
2025,Jun25,22,1984,822-2347-424+TL
2025,Jun25,22,1984,822-2904-111
2025,Jun25,22,1984,822-2904-111+TL
2025,Jun25,22,1984,822-2904-211
2025,Jun25,22,1984,822-2904-211+TL
2025,Jun25,22,1984,822-3078-002
2025,Jun25,22,1984,822-3078-002+TL
2025,Jun25,22,1984,822-3198-003
2025,Jun25,22,1984,822-3198-003+TL
2025,Jun25,22,1984,822-3198-013
2025,Jun25,22,1984,822-3255-001
2025,Jun25,22,1984,822-3255-001+TL
2025,Jun25,22,1984,822-3267-601
2025,Jun25,22,1984,822-3267-601+TL
2025,Jun25,22,1984,822-3396-012
2025,Jun25,22,1984,822-3396-012+TL
2025,Jun25,22,1984,822-3527-002
2025,Jun25,22,1984,822-3527-002+TL
2025,Jun25,22,1984,822-3527-012+TL
2025,Jun25,22,1984,822-3592-011
2025,Jun25,22,1984,822-3697-001
2025,Jun25,22,1984,822-3697-001+TL
2025,Jun25,22,1984,835-1032-010
2025,Jun25,22,1984,944-3765-008
2025,Jun25,22,1984,944-3767-105
2025,Jun25,22,1984,966-1831-005
2025,Jun25,22,1984,966-2083-244
2025,Jun25,22,1984,966-2083-364
2025,Jun25,22,1984,966-2083-974
2025,Jun25,22,1984,966-2188-005
2025,Jun25,22,1984,966-2859-010
2025,Jun25,22,1984,966-3648-001
2025,Jun25,22,1984,966-4516-007
2025,Jun25,22,1984,966-4518-006
2025,Jun25,22,1984,966-6586-004
2025,Jun25,22,1984,966-6969-004
2025,Jun25,22,1984,966-6971-005
2025,Jun25,22,1984,966-6973-104
2025,Jun25,22,1984,966-7400-011
2025,Jun25,22,1984,983-9834-111
2025,Jun25,22,1984,983-9834-111+SA
2025,Jun25,22,1984,983-9834-212
2025,Jun25,22,1984,983-9834-212+SA
2025,Jun25,22,1984,987-0018-661
2025,Jun25,22,1984,987-0018-661+PR
2025,Jun25,22,1984,987-1334-003
2025,Jun25,22,1984,987-2094-004
2025,Jun25,22,1984,987-2434-300
2025,Jun25,22,1984,987-2618-121
2025,Jun25,22,1984,987-2618-221
2025,Jun25,22,1984,987-2618-221+TL
2025,Jun25,22,1984,987-2618-321
2025,Jun25,22,1984,987-2618-321+TL
2025,Jun25,22,1984,987-3594-110
2025,Jun25,22,1984,987-3594-200
2025,Jun25,22,1984,987-7173-884
2025,Jun25,22,1984,987-7173-884+SA
2025,Jun25,22,1984,987-8760-002
2025,Jun25,22,1984,987-8760-002+TL
2025,Jun25,22,1984,987-9055-202
2025,Jun25,22,1984,987-9055-202+TL
2025,Jun25,22,1984,987-9705-012
2025,Jun25,22,1984,987-9705-012+TL
2025,Jun25,23,2517,277-1017-010
2025,Jun25,23,2517,523-0780737
2025,Jun25,23,2517,822-1600-138
2025,Jun25,23,2517,822-1600-138+TL
2025,Jun25,23,2517,822-1873-003
2025,Jun25,23,2517,822-1873-003+TL
2025,Jun25,23,2517,822-2093-104
2025,Jun25,23,2517,822-2093-104+TL
2025,Jun25,23,2517,822-2347-404
2025,Jun25,23,2517,822-2347-404+TL
2025,Jun25,23,2517,822-2347-424
2025,Jun25,23,2517,822-2347-424+TL
2025,Jun25,23,2517,822-2904-111
2025,Jun25,23,2517,822-2904-111+TL
2025,Jun25,23,2517,822-2904-211
2025,Jun25,23,2517,822-2904-211+TL
2025,Jun25,23,2517,822-3078-002
2025,Jun25,23,2517,822-3078-002+TL
2025,Jun25,23,2517,822-3198-003
2025,Jun25,23,2517,822-3198-003+TL
2025,Jun25,23,2517,822-3198-013
2025,Jun25,23,2517,822-3255-001
2025,Jun25,23,2517,822-3255-001+TL
2025,Jun25,23,2517,822-3267-601
2025,Jun25,23,2517,822-3396-012
2025,Jun25,23,2517,822-3396-012+TL
2025,Jun25,23,2517,822-3527-002
2025,Jun25,23,2517,822-3527-002+TL
2025,Jun25,23,2517,822-3527-012
2025,Jun25,23,2517,822-3527-012+TL
2025,Jun25,23,2517,822-3592-011
2025,Jun25,23,2517,822-3634-502+TL
2025,Jun25,23,2517,822-3697-001
2025,Jun25,23,2517,822-3697-001+TL
2025,Jun25,23,2517,835-1032-010
2025,Jun25,23,2517,944-2589-006
2025,Jun25,23,2517,944-3765-008
2025,Jun25,23,2517,944-3767-105
2025,Jun25,23,2517,966-0460-004
2025,Jun25,23,2517,966-2083-244
2025,Jun25,23,2517,966-2083-364
2025,Jun25,23,2517,966-2083-964
2025,Jun25,23,2517,966-2083-974
2025,Jun25,23,2517,966-2303-001
2025,Jun25,23,2517,966-2499-006
2025,Jun25,23,2517,966-2700-004
2025,Jun25,23,2517,966-2859-010
2025,Jun25,23,2517,966-3648-001
2025,Jun25,23,2517,966-4333-003
2025,Jun25,23,2517,966-4516-007
2025,Jun25,23,2517,966-4518-006
2025,Jun25,23,2517,966-4733-001
2025,Jun25,23,2517,966-5813-001
2025,Jun25,23,2517,966-6305-002
2025,Jun25,23,2517,966-6309-002
2025,Jun25,23,2517,966-6586-004
2025,Jun25,23,2517,966-6586-005
2025,Jun25,23,2517,966-6973-004
2025,Jun25,23,2517,966-7400-011
2025,Jun25,23,2517,983-9834-111
2025,Jun25,23,2517,983-9834-111+SA
2025,Jun25,23,2517,983-9834-212
2025,Jun25,23,2517,983-9834-212+SA
2025,Jun25,23,2517,987-0018-661
2025,Jun25,23,2517,987-0018-661+PR
2025,Jun25,23,2517,987-1334-003
2025,Jun25,23,2517,987-2094-004
2025,Jun25,23,2517,987-2434-300
2025,Jun25,23,2517,987-2618-121
2025,Jun25,23,2517,987-2618-221
2025,Jun25,23,2517,987-2618-221+TL
2025,Jun25,23,2517,987-2618-321
2025,Jun25,23,2517,987-2618-321+TL
2025,Jun25,23,2517,987-3594-110
2025,Jun25,23,2517,987-7173-090
2025,Jun25,23,2517,987-7173-884
2025,Jun25,23,2517,987-7173-884+SA
2025,Jun25,23,2517,987-8760-002
2025,Jun25,23,2517,987-8760-002+TL
2025,Jun25,23,2517,987-9055-202
2025,Jun25,23,2517,987-9055-202+TL
2025,Jun25,23,2517,987-9705-012
2025,Jun25,23,2517,987-9705-012+TL
2025,Jun25,23,2517,987-9705-112
2025,Jun25,24,2409,277-1017-010
2025,Jun25,24,2409,523-0780737
2025,Jun25,24,2409,601-0600-008
2025,Jun25,24,2409,822-1600-138
2025,Jun25,24,2409,822-1600-138+TL
2025,Jun25,24,2409,822-1873-003
2025,Jun25,24,2409,822-1873-003+TL
2025,Jun25,24,2409,822-2093-104
2025,Jun25,24,2409,822-2093-104+TL
2025,Jun25,24,2409,822-2347-404
2025,Jun25,24,2409,822-2347-404+TL
2025,Jun25,24,2409,822-2347-424
2025,Jun25,24,2409,822-2347-424+TL
2025,Jun25,24,2409,822-2904-111
2025,Jun25,24,2409,822-2904-111+TL
2025,Jun25,24,2409,822-2904-211
2025,Jun25,24,2409,822-2904-211+TL
2025,Jun25,24,2409,822-3078-002
2025,Jun25,24,2409,822-3198-003
2025,Jun25,24,2409,822-3198-003+TL
2025,Jun25,24,2409,822-3255-001
2025,Jun25,24,2409,822-3255-001+TL
2025,Jun25,24,2409,822-3267-601
2025,Jun25,24,2409,822-3396-012
2025,Jun25,24,2409,822-3396-012+TL
2025,Jun25,24,2409,822-3527-002
2025,Jun25,24,2409,822-3527-002+TL
2025,Jun25,24,2409,822-3527-012
2025,Jun25,24,2409,822-3592-011
2025,Jun25,24,2409,822-3697-001
2025,Jun25,24,2409,822-3697-001+TL
2025,Jun25,24,2409,831-6000-001
2025,Jun25,24,2409,835-1032-010
2025,Jun25,24,2409,944-3765-008
2025,Jun25,24,2409,944-3767-105
2025,Jun25,24,2409,966-1831-005
2025,Jun25,24,2409,966-2052-505
2025,Jun25,24,2409,966-2083-244
2025,Jun25,24,2409,966-2083-344
2025,Jun25,24,2409,966-2083-364
2025,Jun25,24,2409,966-2083-964
2025,Jun25,24,2409,966-2083-974
2025,Jun25,24,2409,966-2188-104
2025,Jun25,24,2409,966-2300-582
2025,Jun25,24,2409,966-2631-003
2025,Jun25,24,2409,966-2700-004
2025,Jun25,24,2409,966-2859-010
2025,Jun25,24,2409,966-3648-001
2025,Jun25,24,2409,966-4516-007
2025,Jun25,24,2409,966-4518-006
2025,Jun25,24,2409,966-4550-012
2025,Jun25,24,2409,966-4560-002
2025,Jun25,24,2409,966-4974-003
2025,Jun25,24,2409,966-6307-102
2025,Jun25,24,2409,966-6586-004
2025,Jun25,24,2409,966-6586-005
2025,Jun25,24,2409,966-6969-004
2025,Jun25,24,2409,966-6971-005
2025,Jun25,24,2409,966-6973-104
2025,Jun25,24,2409,966-7400-011
2025,Jun25,24,2409,983-9834-111
2025,Jun25,24,2409,983-9834-111+SA
2025,Jun25,24,2409,983-9834-212
2025,Jun25,24,2409,983-9834-212+SA
2025,Jun25,24,2409,987-0018-661
2025,Jun25,24,2409,987-0018-661+PR
2025,Jun25,24,2409,987-1334-003
2025,Jun25,24,2409,987-2094-004
2025,Jun25,24,2409,987-2434-300
2025,Jun25,24,2409,987-2618-121
2025,Jun25,24,2409,987-2618-221
2025,Jun25,24,2409,987-2618-221+TL
2025,Jun25,24,2409,987-2618-321
2025,Jun25,24,2409,987-2618-321+TL
2025,Jun25,24,2409,987-3594-110
2025,Jun25,24,2409,987-7173-884
2025,Jun25,24,2409,987-7173-884+SA
2025,Jun25,24,2409,987-8760-002
2025,Jun25,24,2409,987-8760-002+TL
2025,Jun25,24,2409,987-8770-002
2025,Jun25,24,2409,987-9055-202
2025,Jun25,24,2409,987-9055-202+TL
2025,Jun25,24,2409,987-9705-012
2025,Jun25,24,2409,987-9705-012+TL
2025,Jun25,25,2458,277-1017-010
2025,Jun25,25,2458,523-0780737
2025,Jun25,25,2458,822-1600-138
2025,Jun25,25,2458,822-1600-138+TL
2025,Jun25,25,2458,822-1873-003
2025,Jun25,25,2458,822-1873-003+TL
2025,Jun25,25,2458,822-2093-104
2025,Jun25,25,2458,822-2093-104+TL
2025,Jun25,25,2458,822-2347-404
2025,Jun25,25,2458,822-2347-404+TL
2025,Jun25,25,2458,822-2347-424
2025,Jun25,25,2458,822-2347-424+TL
2025,Jun25,25,2458,822-2904-111
2025,Jun25,25,2458,822-2904-111+TL
2025,Jun25,25,2458,822-2904-211
2025,Jun25,25,2458,822-2904-211+TL
2025,Jun25,25,2458,822-3078-002
2025,Jun25,25,2458,822-3198-003
2025,Jun25,25,2458,822-3198-003+TL
2025,Jun25,25,2458,822-3255-001
2025,Jun25,25,2458,822-3255-001+TL
2025,Jun25,25,2458,822-3396-012
2025,Jun25,25,2458,822-3527-002
2025,Jun25,25,2458,822-3527-012
2025,Jun25,25,2458,822-3592-002+TL
2025,Jun25,25,2458,822-3592-011
2025,Jun25,25,2458,822-3634-402
2025,Jun25,25,2458,822-3634-502
2025,Jun25,25,2458,822-3697-001
2025,Jun25,25,2458,822-3697-001+TL
2025,Jun25,25,2458,835-1032-010
2025,Jun25,25,2458,944-3765-008
2025,Jun25,25,2458,944-3767-105
2025,Jun25,25,2458,966-2052-405
2025,Jun25,25,2458,966-2083-244
2025,Jun25,25,2458,966-2083-364
2025,Jun25,25,2458,966-2083-964
2025,Jun25,25,2458,966-2083-974
2025,Jun25,25,2458,966-2335-002
2025,Jun25,25,2458,966-2700-004
2025,Jun25,25,2458,966-2724-001
2025,Jun25,25,2458,966-2859-010
2025,Jun25,25,2458,966-3200-104
2025,Jun25,25,2458,966-3648-001
2025,Jun25,25,2458,966-4333-003
2025,Jun25,25,2458,966-4516-007
2025,Jun25,25,2458,966-4518-006
2025,Jun25,25,2458,966-6586-004
2025,Jun25,25,2458,966-6586-005
2025,Jun25,25,2458,966-6973-003
2025,Jun25,25,2458,966-6973-004
2025,Jun25,25,2458,966-7400-011
2025,Jun25,25,2458,983-9834-111
2025,Jun25,25,2458,983-9834-111+SA
2025,Jun25,25,2458,983-9834-212
2025,Jun25,25,2458,983-9834-212+SA
2025,Jun25,25,2458,987-0018-661
2025,Jun25,25,2458,987-0018-661+PR
2025,Jun25,25,2458,987-1334-003
2025,Jun25,25,2458,987-2094-004
2025,Jun25,25,2458,987-2434-300
2025,Jun25,25,2458,987-2618-121
2025,Jun25,25,2458,987-2618-221
2025,Jun25,25,2458,987-2618-221+TL
2025,Jun25,25,2458,987-2618-321
2025,Jun25,25,2458,987-2618-321+TL
2025,Jun25,25,2458,987-3594-110
2025,Jun25,25,2458,987-7173-884
2025,Jun25,25,2458,987-7173-884+SA
2025,Jun25,25,2458,987-8760-002
2025,Jun25,25,2458,987-8760-002+TL
2025,Jun25,25,2458,987-9055-202
2025,Jun25,25,2458,987-9055-202+TL
2025,Jun25,25,2458,987-9705-001
2025,Jun25,25,2458,987-9705-012
2025,Jun25,25,2458,987-9705-012+TL
2025,Jun25,26,2403,277-1017-010
2025,Jun25,26,2403,523-0780737
2025,Jun25,26,2403,822-1600-138
2025,Jun25,26,2403,822-1600-138+TL
2025,Jun25,26,2403,822-1873-003
2025,Jun25,26,2403,822-1873-003+TL
2025,Jun25,26,2403,822-2093-104
2025,Jun25,26,2403,822-2093-104+TL
2025,Jun25,26,2403,822-2347-404
2025,Jun25,26,2403,822-2347-404+TL
2025,Jun25,26,2403,822-2347-424
2025,Jun25,26,2403,822-2347-424+TL
2025,Jun25,26,2403,822-2904-111
2025,Jun25,26,2403,822-2904-111+TL
2025,Jun25,26,2403,822-2904-211
2025,Jun25,26,2403,822-2904-211+TL
2025,Jun25,26,2403,822-3078-002
2025,Jun25,26,2403,822-3198-003
2025,Jun25,26,2403,822-3198-003+TL
2025,Jun25,26,2403,822-3255-001
2025,Jun25,26,2403,822-3255-001+TL
2025,Jun25,26,2403,822-3396-012
2025,Jun25,26,2403,822-3527-002+TL
2025,Jun25,26,2403,822-3527-012+TL
2025,Jun25,26,2403,822-3592-011
2025,Jun25,26,2403,822-3697-001
2025,Jun25,26,2403,822-3697-001+TL
2025,Jun25,26,2403,835-1032-010
2025,Jun25,26,2403,944-3765-008
2025,Jun25,26,2403,944-3767-105
2025,Jun25,26,2403,966-1831-005
2025,Jun25,26,2403,966-2083-244
2025,Jun25,26,2403,966-2083-344
2025,Jun25,26,2403,966-2083-364
2025,Jun25,26,2403,966-2083-964
2025,Jun25,26,2403,966-2083-974
2025,Jun25,26,2403,966-2188-005
2025,Jun25,26,2403,966-2300-482
2025,Jun25,26,2403,966-2303-001
2025,Jun25,26,2403,966-2700-004
2025,Jun25,26,2403,966-2859-010
2025,Jun25,26,2403,966-3648-001
2025,Jun25,26,2403,966-4011-002
2025,Jun25,26,2403,966-4516-007
2025,Jun25,26,2403,966-4518-006
2025,Jun25,26,2403,966-6305-003
2025,Jun25,26,2403,966-6584-014
2025,Jun25,26,2403,966-6586-004
2025,Jun25,26,2403,966-6586-005
2025,Jun25,26,2403,966-6969-004
2025,Jun25,26,2403,966-6971-005
2025,Jun25,26,2403,966-6973-104
2025,Jun25,26,2403,966-7400-011
2025,Jun25,26,2403,983-9834-111
2025,Jun25,26,2403,983-9834-111+SA
2025,Jun25,26,2403,983-9834-212
2025,Jun25,26,2403,983-9834-212+SA
2025,Jun25,26,2403,987-0018-661
2025,Jun25,26,2403,987-0018-661+PR
2025,Jun25,26,2403,987-1334-003
2025,Jun25,26,2403,987-2094-004
2025,Jun25,26,2403,987-2434-300
2025,Jun25,26,2403,987-2618-121
2025,Jun25,26,2403,987-2618-121+TL
2025,Jun25,26,2403,987-2618-221
2025,Jun25,26,2403,987-2618-221+TL
2025,Jun25,26,2403,987-2618-321
2025,Jun25,26,2403,987-2618-321+TL
2025,Jun25,26,2403,987-3594-110
2025,Jun25,26,2403,987-7173-884
2025,Jun25,26,2403,987-7173-884+SA
2025,Jun25,26,2403,987-8760-002
2025,Jun25,26,2403,987-8760-002+TL
2025,Jun25,26,2403,987-9055-202
2025,Jun25,26,2403,987-9055-202+TL
2025,Jun25,26,2403,987-9705-001
2025,Jun25,26,2403,987-9705-012
2025,Jun25,26,2403,987-9705-012+TL
2025,Jun25,26,2403,CCA-002B-001
2025,Jul25,27,1934,277-1017-010
2025,Jul25,27,1934,523-0780737
2025,Jul25,27,1934,601-0600-008
2025,Jul25,27,1934,822-1600-138
2025,Jul25,27,1934,822-1600-138+TL
2025,Jul25,27,1934,822-1873-003
2025,Jul25,27,1934,822-1873-003+TL
2025,Jul25,27,1934,822-2093-104
2025,Jul25,27,1934,822-2093-104+TL
2025,Jul25,27,1934,822-2347-404
2025,Jul25,27,1934,822-2347-404+TL
2025,Jul25,27,1934,822-2347-424
2025,Jul25,27,1934,822-2347-424+TL
2025,Jul25,27,1934,822-2904-111
2025,Jul25,27,1934,822-2904-111+TL
2025,Jul25,27,1934,822-2904-211
2025,Jul25,27,1934,822-2904-211+TL
2025,Jul25,27,1934,822-3198-003
2025,Jul25,27,1934,822-3198-003+TL
2025,Jul25,27,1934,822-3255-001
2025,Jul25,27,1934,822-3255-001+TL
2025,Jul25,27,1934,822-3396-002
2025,Jul25,27,1934,822-3527-002
2025,Jul25,27,1934,822-3527-002+TL
2025,Jul25,27,1934,822-3527-012
2025,Jul25,27,1934,822-3527-012+TL
2025,Jul25,27,1934,822-3592-002
2025,Jul25,27,1934,822-3592-011
2025,Jul25,27,1934,822-3697-001
2025,Jul25,27,1934,822-3697-001+TL
2025,Jul25,27,1934,835-1032-010
2025,Jul25,27,1934,944-2589-006
2025,Jul25,27,1934,944-3765-008
2025,Jul25,27,1934,966-2083-244
2025,Jul25,27,1934,966-2083-364
2025,Jul25,27,1934,966-2083-964
2025,Jul25,27,1934,966-2083-974
2025,Jul25,27,1934,966-2499-006
2025,Jul25,27,1934,966-2700-004
2025,Jul25,27,1934,966-2859-010
2025,Jul25,27,1934,966-3648-001
2025,Jul25,27,1934,966-4333-003
2025,Jul25,27,1934,966-4516-007
2025,Jul25,27,1934,966-4518-006
2025,Jul25,27,1934,966-6309-002
2025,Jul25,27,1934,966-6586-004
2025,Jul25,27,1934,966-6586-005
2025,Jul25,27,1934,966-6973-004
2025,Jul25,27,1934,966-7400-011
2025,Jul25,27,1934,983-9834-111
2025,Jul25,27,1934,983-9834-111+SA
2025,Jul25,27,1934,983-9834-212
2025,Jul25,27,1934,983-9834-212+SA
2025,Jul25,27,1934,987-0018-661
2025,Jul25,27,1934,987-0018-661+PR
2025,Jul25,27,1934,987-1334-003
2025,Jul25,27,1934,987-2094-004
2025,Jul25,27,1934,987-2434-300
2025,Jul25,27,1934,987-2618-121
2025,Jul25,27,1934,987-2618-121+TL
2025,Jul25,27,1934,987-2618-221
2025,Jul25,27,1934,987-2618-221+TL
2025,Jul25,27,1934,987-2618-321
2025,Jul25,27,1934,987-2618-321+TL
2025,Jul25,27,1934,987-3594-110
2025,Jul25,27,1934,987-7173-884
2025,Jul25,27,1934,987-7173-884+SA
2025,Jul25,27,1934,987-8760-002
2025,Jul25,27,1934,987-8760-002+TL
2025,Jul25,27,1934,987-9055-202
2025,Jul25,27,1934,987-9055-202+TL
2025,Jul25,27,1934,987-9705-001
2025,Jul25,27,1934,987-9705-012
2025,Jul25,27,1934,987-9705-012+TL
2025,Jul25,27,1934,987-9705-112
2025,Jul25,28,2399,277-1017-010
2025,Jul25,28,2399,523-0780737
2025,Jul25,28,2399,822-1600-138
2025,Jul25,28,2399,822-1600-138+TL
2025,Jul25,28,2399,822-1873-003
2025,Jul25,28,2399,822-1873-003+TL
2025,Jul25,28,2399,822-2093-104
2025,Jul25,28,2399,822-2093-104+TL
2025,Jul25,28,2399,822-2347-404
2025,Jul25,28,2399,822-2347-404+TL
2025,Jul25,28,2399,822-2347-424
2025,Jul25,28,2399,822-2347-424+TL
2025,Jul25,28,2399,822-2904-111
2025,Jul25,28,2399,822-2904-111+TL
2025,Jul25,28,2399,822-2904-211
2025,Jul25,28,2399,822-2904-211+TL
2025,Jul25,28,2399,822-3198-003
2025,Jul25,28,2399,822-3198-003+TL
2025,Jul25,28,2399,822-3255-001
2025,Jul25,28,2399,822-3255-001+TL
2025,Jul25,28,2399,822-3396-002
2025,Jul25,28,2399,822-3527-002
2025,Jul25,28,2399,822-3527-002+TL
2025,Jul25,28,2399,822-3527-012
2025,Jul25,28,2399,822-3527-012+TL
2025,Jul25,28,2399,822-3592-011
2025,Jul25,28,2399,822-3697-001
2025,Jul25,28,2399,822-3697-001+TL
2025,Jul25,28,2399,831-6000-001
2025,Jul25,28,2399,835-1032-010
2025,Jul25,28,2399,944-3765-008
2025,Jul25,28,2399,944-3767-105
2025,Jul25,28,2399,966-0460-004
2025,Jul25,28,2399,966-1831-005
2025,Jul25,28,2399,966-2083-244
2025,Jul25,28,2399,966-2083-344
2025,Jul25,28,2399,966-2083-364
2025,Jul25,28,2399,966-2083-964
2025,Jul25,28,2399,966-2083-974
2025,Jul25,28,2399,966-2631-003
2025,Jul25,28,2399,966-2700-004
2025,Jul25,28,2399,966-2859-010
2025,Jul25,28,2399,966-3648-001
2025,Jul25,28,2399,966-4516-007
2025,Jul25,28,2399,966-4518-006
2025,Jul25,28,2399,966-6305-002
2025,Jul25,28,2399,966-6307-102
2025,Jul25,28,2399,966-6586-004
2025,Jul25,28,2399,966-6586-005
2025,Jul25,28,2399,966-6971-005
2025,Jul25,28,2399,966-6973-104
2025,Jul25,28,2399,966-7400-011
2025,Jul25,28,2399,966-8736-002
2025,Jul25,28,2399,983-9834-111
2025,Jul25,28,2399,983-9834-111+SA
2025,Jul25,28,2399,983-9834-212
2025,Jul25,28,2399,983-9834-212+SA
2025,Jul25,28,2399,987-0018-661
2025,Jul25,28,2399,987-0018-661+PR
2025,Jul25,28,2399,987-1334-003
2025,Jul25,28,2399,987-2094-004
2025,Jul25,28,2399,987-2434-300
2025,Jul25,28,2399,987-2618-121
2025,Jul25,28,2399,987-2618-121+TL
2025,Jul25,28,2399,987-2618-221
2025,Jul25,28,2399,987-2618-221+TL
2025,Jul25,28,2399,987-2618-321
2025,Jul25,28,2399,987-2618-321+TL
2025,Jul25,28,2399,987-2618-421
2025,Jul25,28,2399,987-3594-110
2025,Jul25,28,2399,987-7173-884
2025,Jul25,28,2399,987-7173-884+SA
2025,Jul25,28,2399,987-8760-002
2025,Jul25,28,2399,987-8760-002+TL
2025,Jul25,28,2399,987-9055-202
2025,Jul25,28,2399,987-9055-202+TL
2025,Jul25,28,2399,987-9705-001
2025,Jul25,28,2399,987-9705-012
2025,Jul25,28,2399,987-9705-012+TL
2025,Jul25,28,2399,CCA-0012-002
2025,Jul25,29,2385,277-1017-010
2025,Jul25,29,2385,523-0780737
2025,Jul25,29,2385,822-1600-138
2025,Jul25,29,2385,822-1600-138+TL
2025,Jul25,29,2385,822-1873-003
2025,Jul25,29,2385,822-1873-003+TL
2025,Jul25,29,2385,822-2093-104
2025,Jul25,29,2385,822-2093-104+TL
2025,Jul25,29,2385,822-2347-404
2025,Jul25,29,2385,822-2347-404+TL
2025,Jul25,29,2385,822-2347-424
2025,Jul25,29,2385,822-2347-424+TL
2025,Jul25,29,2385,822-2904-111
2025,Jul25,29,2385,822-2904-111+TL
2025,Jul25,29,2385,822-2904-211
2025,Jul25,29,2385,822-2904-211+TL
2025,Jul25,29,2385,822-3198-003
2025,Jul25,29,2385,822-3198-003+TL
2025,Jul25,29,2385,822-3198-013+TL
2025,Jul25,29,2385,822-3255-001
2025,Jul25,29,2385,822-3255-001+TL
2025,Jul25,29,2385,822-3267-601+TL
2025,Jul25,29,2385,822-3396-002
2025,Jul25,29,2385,822-3527-002
2025,Jul25,29,2385,822-3527-002+TL
2025,Jul25,29,2385,822-3527-012
2025,Jul25,29,2385,822-3592-011
2025,Jul25,29,2385,822-3697-001
2025,Jul25,29,2385,822-3697-001+TL
2025,Jul25,29,2385,835-1032-010
2025,Jul25,29,2385,944-3765-008
2025,Jul25,29,2385,944-3767-105
2025,Jul25,29,2385,966-1237-003
2025,Jul25,29,2385,966-2083-244
2025,Jul25,29,2385,966-2083-364
2025,Jul25,29,2385,966-2083-964
2025,Jul25,29,2385,966-2083-974
2025,Jul25,29,2385,966-2188-104
2025,Jul25,29,2385,966-2303-001
2025,Jul25,29,2385,966-2335-002
2025,Jul25,29,2385,966-2700-004
2025,Jul25,29,2385,966-2859-010
2025,Jul25,29,2385,966-3200-004
2025,Jul25,29,2385,966-3648-001
2025,Jul25,29,2385,966-4333-003
2025,Jul25,29,2385,966-4516-007
2025,Jul25,29,2385,966-4518-006
2025,Jul25,29,2385,966-4550-012
2025,Jul25,29,2385,966-4560-002
2025,Jul25,29,2385,966-4974-003
2025,Jul25,29,2385,966-6586-004
2025,Jul25,29,2385,966-6586-005
2025,Jul25,29,2385,966-6969-004
2025,Jul25,29,2385,966-6973-004
2025,Jul25,29,2385,966-7400-011
2025,Jul25,29,2385,966-8492-004
2025,Jul25,29,2385,983-9834-111
2025,Jul25,29,2385,983-9834-111+SA
2025,Jul25,29,2385,983-9834-212
2025,Jul25,29,2385,983-9834-212+SA
2025,Jul25,29,2385,987-0018-661
2025,Jul25,29,2385,987-0018-661+PR
2025,Jul25,29,2385,987-1334-003
2025,Jul25,29,2385,987-2094-004
2025,Jul25,29,2385,987-2434-300
2025,Jul25,29,2385,987-2618-121
2025,Jul25,29,2385,987-2618-121+TL
2025,Jul25,29,2385,987-2618-221
2025,Jul25,29,2385,987-2618-221+TL
2025,Jul25,29,2385,987-2618-321
2025,Jul25,29,2385,987-2618-321+TL
2025,Jul25,29,2385,987-3594-110
2025,Jul25,29,2385,987-7173-884
2025,Jul25,29,2385,987-7173-884+SA
2025,Jul25,29,2385,987-8760-002
2025,Jul25,29,2385,987-8760-002+TL
2025,Jul25,29,2385,987-9055-202
2025,Jul25,29,2385,987-9055-202+TL
2025,Jul25,29,2385,987-9705-001
2025,Jul25,29,2385,987-9705-012
2025,Jul25,29,2385,987-9705-012+TL
2025,Jul25,30,2398,277-1017-010
2025,Jul25,30,2398,523-0780737
2025,Jul25,30,2398,601-0600-008
2025,Jul25,30,2398,822-1600-138
2025,Jul25,30,2398,822-1600-138+TL
2025,Jul25,30,2398,822-1873-003
2025,Jul25,30,2398,822-1873-003+TL
2025,Jul25,30,2398,822-2093-104
2025,Jul25,30,2398,822-2093-104+TL
2025,Jul25,30,2398,822-2347-404
2025,Jul25,30,2398,822-2347-404+TL
2025,Jul25,30,2398,822-2347-424
2025,Jul25,30,2398,822-2347-424+TL
2025,Jul25,30,2398,822-2904-111
2025,Jul25,30,2398,822-2904-111+TL
2025,Jul25,30,2398,822-2904-211
2025,Jul25,30,2398,822-2904-211+TL
2025,Jul25,30,2398,822-3198-003
2025,Jul25,30,2398,822-3198-003+TL
2025,Jul25,30,2398,822-3198-013
2025,Jul25,30,2398,822-3198-013+TL
2025,Jul25,30,2398,822-3255-001
2025,Jul25,30,2398,822-3255-001+TL
2025,Jul25,30,2398,822-3267-601+TL
2025,Jul25,30,2398,822-3307-002+TL
2025,Jul25,30,2398,822-3396-002
2025,Jul25,30,2398,822-3527-002
2025,Jul25,30,2398,822-3527-012+TL
2025,Jul25,30,2398,822-3592-011
2025,Jul25,30,2398,822-3697-001
2025,Jul25,30,2398,822-3697-001+TL
2025,Jul25,30,2398,835-1032-010
2025,Jul25,30,2398,944-3765-008
2025,Jul25,30,2398,944-3767-105
2025,Jul25,30,2398,966-1831-005
2025,Jul25,30,2398,966-2052-405
2025,Jul25,30,2398,966-2083-244
2025,Jul25,30,2398,966-2083-344
2025,Jul25,30,2398,966-2083-364
2025,Jul25,30,2398,966-2083-964
2025,Jul25,30,2398,966-2083-974
2025,Jul25,30,2398,966-2188-005
2025,Jul25,30,2398,966-2300-482
2025,Jul25,30,2398,966-2700-004
2025,Jul25,30,2398,966-2859-010
2025,Jul25,30,2398,966-3200-104
2025,Jul25,30,2398,966-3648-001
2025,Jul25,30,2398,966-4011-002
2025,Jul25,30,2398,966-4516-007
2025,Jul25,30,2398,966-4518-006
2025,Jul25,30,2398,966-6584-014
2025,Jul25,30,2398,966-6586-004
2025,Jul25,30,2398,966-6586-005
2025,Jul25,30,2398,966-6971-005
2025,Jul25,30,2398,966-6973-104
2025,Jul25,30,2398,966-7400-011
2025,Jul25,30,2398,983-9834-111
2025,Jul25,30,2398,983-9834-111+SA
2025,Jul25,30,2398,983-9834-212
2025,Jul25,30,2398,983-9834-212+SA
2025,Jul25,30,2398,987-0018-661
2025,Jul25,30,2398,987-0018-661+PR
2025,Jul25,30,2398,987-1334-003
2025,Jul25,30,2398,987-2094-004
2025,Jul25,30,2398,987-2434-300
2025,Jul25,30,2398,987-2618-121
2025,Jul25,30,2398,987-2618-121+TL
2025,Jul25,30,2398,987-2618-221
2025,Jul25,30,2398,987-2618-221+TL
2025,Jul25,30,2398,987-2618-321
2025,Jul25,30,2398,987-2618-321+TL
2025,Jul25,30,2398,987-3594-110
2025,Jul25,30,2398,987-7173-884
2025,Jul25,30,2398,987-7173-884+SA
2025,Jul25,30,2398,987-8760-002
2025,Jul25,30,2398,987-8760-002+TL
2025,Jul25,30,2398,987-8770-002
2025,Jul25,30,2398,987-9055-202
2025,Jul25,30,2398,987-9055-202+TL
2025,Jul25,30,2398,987-9705-001
2025,Jul25,30,2398,987-9705-001+TL
2025,Jul25,30,2398,987-9705-012
2025,Jul25,30,2398,987-9705-012+TL
2025,Aug25,31,2424,277-1017-010
2025,Aug25,31,2424,523-0780737
2025,Aug25,31,2424,822-1600-138
2025,Aug25,31,2424,822-1600-138+TL
2025,Aug25,31,2424,822-1873-003
2025,Aug25,31,2424,822-1873-003+TL
2025,Aug25,31,2424,822-2093-104
2025,Aug25,31,2424,822-2093-104+TL
2025,Aug25,31,2424,822-2347-404
2025,Aug25,31,2424,822-2347-404+TL
2025,Aug25,31,2424,822-2347-424
2025,Aug25,31,2424,822-2347-424+TL
2025,Aug25,31,2424,822-2904-111
2025,Aug25,31,2424,822-2904-111+TL
2025,Aug25,31,2424,822-2904-211
2025,Aug25,31,2424,822-2904-211+TL
2025,Aug25,31,2424,822-3198-003
2025,Aug25,31,2424,822-3198-003+TL
2025,Aug25,31,2424,822-3198-013
2025,Aug25,31,2424,822-3198-013+TL
2025,Aug25,31,2424,822-3255-001
2025,Aug25,31,2424,822-3255-001+TL
2025,Aug25,31,2424,822-3267-601
2025,Aug25,31,2424,822-3307-002
2025,Aug25,31,2424,822-3396-002
2025,Aug25,31,2424,822-3527-012+TL
2025,Aug25,31,2424,822-3592-011
2025,Aug25,31,2424,822-3697-001
2025,Aug25,31,2424,822-3697-001+TL
2025,Aug25,31,2424,835-1032-010
2025,Aug25,31,2424,944-2589-006
2025,Aug25,31,2424,944-3765-008
2025,Aug25,31,2424,944-3767-105
2025,Aug25,31,2424,966-2083-244
2025,Aug25,31,2424,966-2083-364
2025,Aug25,31,2424,966-2083-964
2025,Aug25,31,2424,966-2083-974
2025,Aug25,31,2424,966-2499-006
2025,Aug25,31,2424,966-2700-004
2025,Aug25,31,2424,966-2859-010
2025,Aug25,31,2424,966-3648-001
2025,Aug25,31,2424,966-4333-003
2025,Aug25,31,2424,966-4516-007
2025,Aug25,31,2424,966-4518-006
2025,Aug25,31,2424,966-5704-005
2025,Aug25,31,2424,966-6586-004
2025,Aug25,31,2424,966-6586-005
2025,Aug25,31,2424,966-6969-004
2025,Aug25,31,2424,966-6973-004
2025,Aug25,31,2424,966-7297-302
2025,Aug25,31,2424,966-7400-011
2025,Aug25,31,2424,983-9834-111
2025,Aug25,31,2424,983-9834-111+SA
2025,Aug25,31,2424,983-9834-212
2025,Aug25,31,2424,983-9834-212+SA
2025,Aug25,31,2424,987-0018-661
2025,Aug25,31,2424,987-0018-661+PR
2025,Aug25,31,2424,987-1334-003
2025,Aug25,31,2424,987-2094-004
2025,Aug25,31,2424,987-2434-300
2025,Aug25,31,2424,987-2618-121
2025,Aug25,31,2424,987-2618-121+TL
2025,Aug25,31,2424,987-2618-221
2025,Aug25,31,2424,987-2618-221+TL
2025,Aug25,31,2424,987-2618-321
2025,Aug25,31,2424,987-2618-321+TL
2025,Aug25,31,2424,987-3594-110
2025,Aug25,31,2424,987-3594-200
2025,Aug25,31,2424,987-7173-884
2025,Aug25,31,2424,987-7173-884+SA
2025,Aug25,31,2424,987-7173-885+SA
2025,Aug25,31,2424,987-8760-002
2025,Aug25,31,2424,987-8760-002+TL
2025,Aug25,31,2424,987-9055-202
2025,Aug25,31,2424,987-9055-202+TL
2025,Aug25,31,2424,987-9705-001
2025,Aug25,31,2424,987-9705-001+TL
2025,Aug25,31,2424,987-9705-012
2025,Aug25,31,2424,987-9705-012+TL
2025,Aug25,31,2424,987-9705-112
2025,Aug25,32,2386,277-1017-010
2025,Aug25,32,2386,523-0780737
2025,Aug25,32,2386,766-0000-001+TL
2025,Aug25,32,2386,822-1600-138
2025,Aug25,32,2386,822-1600-138+TL
2025,Aug25,32,2386,822-1873-003
2025,Aug25,32,2386,822-1873-003+TL
2025,Aug25,32,2386,822-2093-104
2025,Aug25,32,2386,822-2093-104+TL
2025,Aug25,32,2386,822-2347-404
2025,Aug25,32,2386,822-2347-404+TL
2025,Aug25,32,2386,822-2347-424
2025,Aug25,32,2386,822-2347-424+TL
2025,Aug25,32,2386,822-2347-504+TL
2025,Aug25,32,2386,822-2904-111
2025,Aug25,32,2386,822-2904-111+TL
2025,Aug25,32,2386,822-2904-211
2025,Aug25,32,2386,822-2904-211+TL
2025,Aug25,32,2386,822-3078-002+TL
2025,Aug25,32,2386,822-3198-003
2025,Aug25,32,2386,822-3198-003+TL
2025,Aug25,32,2386,822-3198-013
2025,Aug25,32,2386,822-3198-013+TL
2025,Aug25,32,2386,822-3255-001
2025,Aug25,32,2386,822-3255-001+TL
2025,Aug25,32,2386,822-3267-601
2025,Aug25,32,2386,822-3396-002
2025,Aug25,32,2386,822-3527-012
2025,Aug25,32,2386,822-3527-012+TL
2025,Aug25,32,2386,822-3592-011
2025,Aug25,32,2386,822-3697-001
2025,Aug25,32,2386,822-3697-001+TL
2025,Aug25,32,2386,835-1032-010
2025,Aug25,32,2386,944-3765-008
2025,Aug25,32,2386,944-3767-105
2025,Aug25,32,2386,966-1831-005
2025,Aug25,32,2386,966-2083-244
2025,Aug25,32,2386,966-2083-344
2025,Aug25,32,2386,966-2083-364
2025,Aug25,32,2386,966-2083-964
2025,Aug25,32,2386,966-2083-974
2025,Aug25,32,2386,966-2303-001
2025,Aug25,32,2386,966-2359-009
2025,Aug25,32,2386,966-2700-004
2025,Aug25,32,2386,966-2859-010
2025,Aug25,32,2386,966-3648-001
2025,Aug25,32,2386,966-4516-007
2025,Aug25,32,2386,966-4518-006
2025,Aug25,32,2386,966-6305-002
2025,Aug25,32,2386,966-6307-102
2025,Aug25,32,2386,966-6309-002
2025,Aug25,32,2386,966-6586-004
2025,Aug25,32,2386,966-6586-005
2025,Aug25,32,2386,966-6971-005
2025,Aug25,32,2386,966-6973-104
2025,Aug25,32,2386,966-7400-011
2025,Aug25,32,2386,983-9834-111
2025,Aug25,32,2386,983-9834-111+SA
2025,Aug25,32,2386,983-9834-212
2025,Aug25,32,2386,983-9834-212+SA
2025,Aug25,32,2386,987-0018-661
2025,Aug25,32,2386,987-0018-661+PR
2025,Aug25,32,2386,987-1334-003
2025,Aug25,32,2386,987-2094-004
2025,Aug25,32,2386,987-2434-300
2025,Aug25,32,2386,987-2618-121
2025,Aug25,32,2386,987-2618-121+TL
2025,Aug25,32,2386,987-2618-221
2025,Aug25,32,2386,987-2618-221+TL
2025,Aug25,32,2386,987-2618-321
2025,Aug25,32,2386,987-2618-321+TL
2025,Aug25,32,2386,987-3594-110
2025,Aug25,32,2386,987-7173-884
2025,Aug25,32,2386,987-7173-884+SA
2025,Aug25,32,2386,987-7173-885
2025,Aug25,32,2386,987-8760-002
2025,Aug25,32,2386,987-8760-002+TL
2025,Aug25,32,2386,987-9055-202
2025,Aug25,32,2386,987-9055-202+TL
2025,Aug25,32,2386,987-9705-001
2025,Aug25,32,2386,987-9705-001+TL
2025,Aug25,32,2386,987-9705-012
2025,Aug25,32,2386,987-9705-012+TL
2025,Aug25,33,2400,277-1017-010
2025,Aug25,33,2400,523-0780737
2025,Aug25,33,2400,766-0000-001
2025,Aug25,33,2400,822-1600-138
2025,Aug25,33,2400,822-1600-138+TL
2025,Aug25,33,2400,822-1873-003
2025,Aug25,33,2400,822-1873-003+TL
2025,Aug25,33,2400,822-2093-104
2025,Aug25,33,2400,822-2093-104+TL
2025,Aug25,33,2400,822-2347-404
2025,Aug25,33,2400,822-2347-404+TL
2025,Aug25,33,2400,822-2347-424
2025,Aug25,33,2400,822-2347-424+TL
2025,Aug25,33,2400,822-2347-504
2025,Aug25,33,2400,822-2904-111
2025,Aug25,33,2400,822-2904-111+TL
2025,Aug25,33,2400,822-2904-211
2025,Aug25,33,2400,822-2904-211+TL
2025,Aug25,33,2400,822-3078-002+TL
2025,Aug25,33,2400,822-3198-003
2025,Aug25,33,2400,822-3198-003+TL
2025,Aug25,33,2400,822-3198-013
2025,Aug25,33,2400,822-3198-013+TL
2025,Aug25,33,2400,822-3255-001
2025,Aug25,33,2400,822-3255-001+TL
2025,Aug25,33,2400,822-3267-601+TL
2025,Aug25,33,2400,822-3396-002
2025,Aug25,33,2400,822-3527-012
2025,Aug25,33,2400,822-3527-012+TL
2025,Aug25,33,2400,822-3592-011
2025,Aug25,33,2400,822-3697-001
2025,Aug25,33,2400,822-3697-001+TL
2025,Aug25,33,2400,835-1032-010
2025,Aug25,33,2400,944-3765-008
2025,Aug25,33,2400,944-3767-105
2025,Aug25,33,2400,966-0460-004
2025,Aug25,33,2400,966-2083-244
2025,Aug25,33,2400,966-2083-364
2025,Aug25,33,2400,966-2083-964
2025,Aug25,33,2400,966-2083-974
2025,Aug25,33,2400,966-2188-104
2025,Aug25,33,2400,966-2335-002
2025,Aug25,33,2400,966-2631-003
2025,Aug25,33,2400,966-2700-004
2025,Aug25,33,2400,966-2724-001
2025,Aug25,33,2400,966-2859-010
2025,Aug25,33,2400,966-3648-001
2025,Aug25,33,2400,966-4333-003
2025,Aug25,33,2400,966-4516-007
2025,Aug25,33,2400,966-4518-006
2025,Aug25,33,2400,966-4550-012
2025,Aug25,33,2400,966-4560-002
2025,Aug25,33,2400,966-4974-003
2025,Aug25,33,2400,966-6586-004
2025,Aug25,33,2400,966-6586-005
2025,Aug25,33,2400,966-6969-004
2025,Aug25,33,2400,966-6973-004
2025,Aug25,33,2400,966-7400-011
2025,Aug25,33,2400,966-7964-004
2025,Aug25,33,2400,966-8303-003
2025,Aug25,33,2400,966-8492-004
2025,Aug25,33,2400,983-9834-111
2025,Aug25,33,2400,983-9834-111+SA
2025,Aug25,33,2400,983-9834-212
2025,Aug25,33,2400,983-9834-212+SA
2025,Aug25,33,2400,987-0018-661
2025,Aug25,33,2400,987-0018-661+PR
2025,Aug25,33,2400,987-1334-003
2025,Aug25,33,2400,987-2094-004
2025,Aug25,33,2400,987-2434-300
2025,Aug25,33,2400,987-2618-121
2025,Aug25,33,2400,987-2618-121+TL
2025,Aug25,33,2400,987-2618-221
2025,Aug25,33,2400,987-2618-221+TL
2025,Aug25,33,2400,987-2618-321
2025,Aug25,33,2400,987-2618-321+TL
2025,Aug25,33,2400,987-3594-110
2025,Aug25,33,2400,987-7173-884
2025,Aug25,33,2400,987-7173-884+SA
2025,Aug25,33,2400,987-7173-885+SA
2025,Aug25,33,2400,987-8760-002
2025,Aug25,33,2400,987-8760-002+TL
2025,Aug25,33,2400,987-9055-202
2025,Aug25,33,2400,987-9055-202+TL
2025,Aug25,33,2400,987-9705-001
2025,Aug25,33,2400,987-9705-001+TL
2025,Aug25,33,2400,987-9705-012
2025,Aug25,33,2400,987-9705-012+TL
2025,Aug25,34,2374,277-1017-010
2025,Aug25,34,2374,523-0780737
2025,Aug25,34,2374,601-0600-008
2025,Aug25,34,2374,822-1600-138
2025,Aug25,34,2374,822-1600-138+TL
2025,Aug25,34,2374,822-1873-003
2025,Aug25,34,2374,822-1873-003+TL
2025,Aug25,34,2374,822-2093-104
2025,Aug25,34,2374,822-2093-104+TL
2025,Aug25,34,2374,822-2347-404
2025,Aug25,34,2374,822-2347-404+TL
2025,Aug25,34,2374,822-2347-424
2025,Aug25,34,2374,822-2347-424+TL
2025,Aug25,34,2374,822-2347-504+TL
2025,Aug25,34,2374,822-2904-111
2025,Aug25,34,2374,822-2904-111+TL
2025,Aug25,34,2374,822-2904-211
2025,Aug25,34,2374,822-2904-211+TL
2025,Aug25,34,2374,822-3078-002+TL
2025,Aug25,34,2374,822-3198-003
2025,Aug25,34,2374,822-3198-003+TL
2025,Aug25,34,2374,822-3198-013
2025,Aug25,34,2374,822-3255-001
2025,Aug25,34,2374,822-3255-001+TL
2025,Aug25,34,2374,822-3267-601+TL
2025,Aug25,34,2374,822-3396-002
2025,Aug25,34,2374,822-3396-002+TL
2025,Aug25,34,2374,822-3527-012
2025,Aug25,34,2374,822-3592-002+TL
2025,Aug25,34,2374,822-3592-011
2025,Aug25,34,2374,822-3697-001
2025,Aug25,34,2374,822-3697-001+TL
2025,Aug25,34,2374,835-1032-010
2025,Aug25,34,2374,944-3765-008
2025,Aug25,34,2374,944-3767-105
2025,Aug25,34,2374,966-1831-005
2025,Aug25,34,2374,966-2052-405
2025,Aug25,34,2374,966-2083-244
2025,Aug25,34,2374,966-2083-344
2025,Aug25,34,2374,966-2083-364
2025,Aug25,34,2374,966-2083-964
2025,Aug25,34,2374,966-2083-974
2025,Aug25,34,2374,966-2188-005
2025,Aug25,34,2374,966-2300-482
2025,Aug25,34,2374,966-2359-009
2025,Aug25,34,2374,966-2700-004
2025,Aug25,34,2374,966-2859-010
2025,Aug25,34,2374,966-3200-004
2025,Aug25,34,2374,966-3200-104
2025,Aug25,34,2374,966-3648-001
2025,Aug25,34,2374,966-4011-002
2025,Aug25,34,2374,966-4516-007
2025,Aug25,34,2374,966-4518-006
2025,Aug25,34,2374,966-5704-005
2025,Aug25,34,2374,966-6584-014
2025,Aug25,34,2374,966-6586-004
2025,Aug25,34,2374,966-6586-005
2025,Aug25,34,2374,966-6971-005
2025,Aug25,34,2374,966-6973-003
2025,Aug25,34,2374,966-6973-103
2025,Aug25,34,2374,966-6973-104
2025,Aug25,34,2374,966-7400-011
2025,Aug25,34,2374,983-9834-111
2025,Aug25,34,2374,983-9834-111+SA
2025,Aug25,34,2374,983-9834-212
2025,Aug25,34,2374,983-9834-212+SA
2025,Aug25,34,2374,987-0018-661
2025,Aug25,34,2374,987-0018-661+PR
2025,Aug25,34,2374,987-1334-003
2025,Aug25,34,2374,987-2094-004
2025,Aug25,34,2374,987-2434-300
2025,Aug25,34,2374,987-2618-121
2025,Aug25,34,2374,987-2618-121+TL
2025,Aug25,34,2374,987-2618-221
2025,Aug25,34,2374,987-2618-221+TL
2025,Aug25,34,2374,987-2618-321
2025,Aug25,34,2374,987-2618-321+TL
2025,Aug25,34,2374,987-3594-110
2025,Aug25,34,2374,987-7173-884
2025,Aug25,34,2374,987-7173-884+SA
2025,Aug25,34,2374,987-7173-885
2025,Aug25,34,2374,987-8760-002
2025,Aug25,34,2374,987-8760-002+TL
2025,Aug25,34,2374,987-9055-202
2025,Aug25,34,2374,987-9055-202+TL
2025,Aug25,34,2374,987-9705-001
2025,Aug25,34,2374,987-9705-001+TL
2025,Aug25,34,2374,987-9705-012
2025,Aug25,34,2374,987-9705-012+TL
2025,Sep25,35,2446,277-1017-010
2025,Sep25,35,2446,523-0780737
2025,Sep25,35,2446,822-1600-138
2025,Sep25,35,2446,822-1600-138+TL
2025,Sep25,35,2446,822-1873-003
2025,Sep25,35,2446,822-1873-003+TL
2025,Sep25,35,2446,822-2093-104
2025,Sep25,35,2446,822-2093-104+TL
2025,Sep25,35,2446,822-2093-511+TL
2025,Sep25,35,2446,822-2347-404
2025,Sep25,35,2446,822-2347-404+TL
2025,Sep25,35,2446,822-2347-424
2025,Sep25,35,2446,822-2347-424+TL
2025,Sep25,35,2446,822-2904-111
2025,Sep25,35,2446,822-2904-111+TL
2025,Sep25,35,2446,822-2904-211
2025,Sep25,35,2446,822-2904-211+TL
2025,Sep25,35,2446,822-3078-002
2025,Sep25,35,2446,822-3078-002+TL
2025,Sep25,35,2446,822-3198-003
2025,Sep25,35,2446,822-3198-003+TL
2025,Sep25,35,2446,822-3255-001
2025,Sep25,35,2446,822-3255-001+TL
2025,Sep25,35,2446,822-3267-601
2025,Sep25,35,2446,822-3267-601+TL
2025,Sep25,35,2446,822-3396-002
2025,Sep25,35,2446,822-3396-002+TL
2025,Sep25,35,2446,822-3527-012+TL
2025,Sep25,35,2446,822-3592-011
2025,Sep25,35,2446,822-3697-001
2025,Sep25,35,2446,822-3697-001+TL
2025,Sep25,35,2446,835-1032-010
2025,Sep25,35,2446,944-3765-008
2025,Sep25,35,2446,944-3767-105
2025,Sep25,35,2446,966-2083-244
2025,Sep25,35,2446,966-2083-364
2025,Sep25,35,2446,966-2083-964
2025,Sep25,35,2446,966-2083-974
2025,Sep25,35,2446,966-2303-001
2025,Sep25,35,2446,966-2700-004
2025,Sep25,35,2446,966-2859-010
2025,Sep25,35,2446,966-3648-001
2025,Sep25,35,2446,966-4333-003
2025,Sep25,35,2446,966-4516-007
2025,Sep25,35,2446,966-4518-006
2025,Sep25,35,2446,966-6307-102
2025,Sep25,35,2446,966-6586-004
2025,Sep25,35,2446,966-6586-005
2025,Sep25,35,2446,966-6969-004
2025,Sep25,35,2446,966-6973-004
2025,Sep25,35,2446,966-7400-011
2025,Sep25,35,2446,983-9834-111
2025,Sep25,35,2446,983-9834-111+SA
2025,Sep25,35,2446,983-9834-212
2025,Sep25,35,2446,983-9834-212+SA
2025,Sep25,35,2446,987-0018-661
2025,Sep25,35,2446,987-0018-661+PR
2025,Sep25,35,2446,987-1334-003
2025,Sep25,35,2446,987-2094-004
2025,Sep25,35,2446,987-2434-300
2025,Sep25,35,2446,987-2618-121
2025,Sep25,35,2446,987-2618-121+TL
2025,Sep25,35,2446,987-2618-221
2025,Sep25,35,2446,987-2618-221+TL
2025,Sep25,35,2446,987-2618-321
2025,Sep25,35,2446,987-2618-321+TL
2025,Sep25,35,2446,987-3594-110
2025,Sep25,35,2446,987-3594-200
2025,Sep25,35,2446,987-7173-884
2025,Sep25,35,2446,987-7173-884+SA
2025,Sep25,35,2446,987-8760-002
2025,Sep25,35,2446,987-8760-002+TL
2025,Sep25,35,2446,987-8770-002
2025,Sep25,35,2446,987-9055-202
2025,Sep25,35,2446,987-9055-202+TL
2025,Sep25,35,2446,987-9705-001
2025,Sep25,35,2446,987-9705-001+TL
2025,Sep25,35,2446,987-9705-012
2025,Sep25,35,2446,987-9705-012+TL
2025,Sep25,35,2446,987-9705-112
2025,Sep25,36,1888,277-1017-010
2025,Sep25,36,1888,523-0780737
2025,Sep25,36,1888,822-1600-138
2025,Sep25,36,1888,822-1600-138+TL
2025,Sep25,36,1888,822-1873-003
2025,Sep25,36,1888,822-1873-003+TL
2025,Sep25,36,1888,822-2093-104
2025,Sep25,36,1888,822-2093-104+TL
2025,Sep25,36,1888,822-2093-511
2025,Sep25,36,1888,822-2347-404
2025,Sep25,36,1888,822-2347-404+TL
2025,Sep25,36,1888,822-2347-424
2025,Sep25,36,1888,822-2347-424+TL
2025,Sep25,36,1888,822-2347-504
2025,Sep25,36,1888,822-2904-111
2025,Sep25,36,1888,822-2904-111+TL
2025,Sep25,36,1888,822-2904-211
2025,Sep25,36,1888,822-2904-211+TL
2025,Sep25,36,1888,822-3078-002
2025,Sep25,36,1888,822-3078-002+TL
2025,Sep25,36,1888,822-3198-003
2025,Sep25,36,1888,822-3198-003+TL
2025,Sep25,36,1888,822-3255-001
2025,Sep25,36,1888,822-3255-001+TL
2025,Sep25,36,1888,822-3267-601
2025,Sep25,36,1888,822-3396-002
2025,Sep25,36,1888,822-3396-002+TL
2025,Sep25,36,1888,822-3527-012
2025,Sep25,36,1888,822-3527-012+TL
2025,Sep25,36,1888,822-3592-002
2025,Sep25,36,1888,822-3592-011
2025,Sep25,36,1888,822-3697-001
2025,Sep25,36,1888,822-3697-001+TL
2025,Sep25,36,1888,835-1032-010
2025,Sep25,36,1888,944-3765-008
2025,Sep25,36,1888,944-3767-105
2025,Sep25,36,1888,966-1831-005
2025,Sep25,36,1888,966-2083-244
2025,Sep25,36,1888,966-2083-344
2025,Sep25,36,1888,966-2083-364
2025,Sep25,36,1888,966-2083-964
2025,Sep25,36,1888,966-2083-974
2025,Sep25,36,1888,966-2359-009
2025,Sep25,36,1888,966-2700-004
2025,Sep25,36,1888,966-2859-010
2025,Sep25,36,1888,966-3648-001
2025,Sep25,36,1888,966-4516-007
2025,Sep25,36,1888,966-4518-006
2025,Sep25,36,1888,966-6305-002
2025,Sep25,36,1888,966-6309-002
2025,Sep25,36,1888,966-6586-004
2025,Sep25,36,1888,966-6586-005
2025,Sep25,36,1888,966-6971-005
2025,Sep25,36,1888,966-6973-103
2025,Sep25,36,1888,966-6973-104
2025,Sep25,36,1888,966-7297-302
2025,Sep25,36,1888,966-7400-011
2025,Sep25,36,1888,966-8736-002
2025,Sep25,36,1888,983-9834-111
2025,Sep25,36,1888,983-9834-111+SA
2025,Sep25,36,1888,983-9834-212
2025,Sep25,36,1888,983-9834-212+SA
2025,Sep25,36,1888,987-0018-661
2025,Sep25,36,1888,987-0018-661+PR
2025,Sep25,36,1888,987-1334-003
2025,Sep25,36,1888,987-2094-004
2025,Sep25,36,1888,987-2434-300
2025,Sep25,36,1888,987-2618-121
2025,Sep25,36,1888,987-2618-121+TL
2025,Sep25,36,1888,987-2618-221
2025,Sep25,36,1888,987-2618-221+TL
2025,Sep25,36,1888,987-2618-321
2025,Sep25,36,1888,987-2618-321+TL
2025,Sep25,36,1888,987-2618-421
2025,Sep25,36,1888,987-3594-110
2025,Sep25,36,1888,987-7173-080
2025,Sep25,36,1888,987-7173-884
2025,Sep25,36,1888,987-7173-884+SA
2025,Sep25,36,1888,987-8760-002
2025,Sep25,36,1888,987-9055-202
2025,Sep25,36,1888,987-9055-202+TL
2025,Sep25,36,1888,987-9705-001
2025,Sep25,36,1888,987-9705-001+TL
2025,Sep25,36,1888,987-9705-012
2025,Sep25,36,1888,987-9705-012+TL
2025,Sep25,36,1888,CCA-0012-002
2025,Sep25,37,2351,277-1017-010
2025,Sep25,37,2351,523-0780737
2025,Sep25,37,2351,601-0600-008
2025,Sep25,37,2351,822-1600-138
2025,Sep25,37,2351,822-1600-138+TL
2025,Sep25,37,2351,822-1873-003
2025,Sep25,37,2351,822-2093-104
2025,Sep25,37,2351,822-2093-104+TL
2025,Sep25,37,2351,822-2347-404
2025,Sep25,37,2351,822-2347-404+TL
2025,Sep25,37,2351,822-2347-424
2025,Sep25,37,2351,822-2347-424+TL
2025,Sep25,37,2351,822-2904-111
2025,Sep25,37,2351,822-2904-111+TL
2025,Sep25,37,2351,822-2904-211
2025,Sep25,37,2351,822-2904-211+TL
2025,Sep25,37,2351,822-3078-002
2025,Sep25,37,2351,822-3078-002+TL
2025,Sep25,37,2351,822-3198-003
2025,Sep25,37,2351,822-3198-003+TL
2025,Sep25,37,2351,822-3255-001
2025,Sep25,37,2351,822-3255-001+TL
2025,Sep25,37,2351,822-3267-601
2025,Sep25,37,2351,822-3396-002
2025,Sep25,37,2351,822-3396-002+TL
2025,Sep25,37,2351,822-3527-012
2025,Sep25,37,2351,822-3527-012+TL
2025,Sep25,37,2351,822-3592-011
2025,Sep25,37,2351,822-3697-001
2025,Sep25,37,2351,822-3697-001+TL
2025,Sep25,37,2351,835-1032-010
2025,Sep25,37,2351,944-3765-008
2025,Sep25,37,2351,944-3767-105
2025,Sep25,37,2351,966-2083-244
2025,Sep25,37,2351,966-2083-364
2025,Sep25,37,2351,966-2083-964
2025,Sep25,37,2351,966-2083-974
2025,Sep25,37,2351,966-2188-104
2025,Sep25,37,2351,966-2335-002
2025,Sep25,37,2351,966-2631-003
2025,Sep25,37,2351,966-2700-004
2025,Sep25,37,2351,966-2859-010
2025,Sep25,37,2351,966-3648-001
2025,Sep25,37,2351,966-4333-003
2025,Sep25,37,2351,966-4516-007
2025,Sep25,37,2351,966-4518-006
2025,Sep25,37,2351,966-6586-004
2025,Sep25,37,2351,966-6586-005
2025,Sep25,37,2351,966-6969-004
2025,Sep25,37,2351,966-6973-004
2025,Sep25,37,2351,966-7400-011
2025,Sep25,37,2351,983-9834-111
2025,Sep25,37,2351,983-9834-111+SA
2025,Sep25,37,2351,983-9834-212
2025,Sep25,37,2351,983-9834-212+SA
2025,Sep25,37,2351,987-0018-661
2025,Sep25,37,2351,987-0018-661+PR
2025,Sep25,37,2351,987-1334-003
2025,Sep25,37,2351,987-2094-004
2025,Sep25,37,2351,987-2434-300
2025,Sep25,37,2351,987-2618-121
2025,Sep25,37,2351,987-2618-121+TL
2025,Sep25,37,2351,987-2618-221
2025,Sep25,37,2351,987-2618-221+TL
2025,Sep25,37,2351,987-2618-321
2025,Sep25,37,2351,987-2618-321+TL
2025,Sep25,37,2351,987-3594-110
2025,Sep25,37,2351,987-7173-884
2025,Sep25,37,2351,987-7173-884+SA
2025,Sep25,37,2351,987-8760-002
2025,Sep25,37,2351,987-8760-002+TL
2025,Sep25,37,2351,987-9055-202
2025,Sep25,37,2351,987-9055-202+TL
2025,Sep25,37,2351,987-9705-001
2025,Sep25,37,2351,987-9705-001+TL
2025,Sep25,37,2351,987-9705-012
2025,Sep25,37,2351,987-9705-012+TL
2025,Sep25,38,2445,277-1017-010
2025,Sep25,38,2445,523-0780737
2025,Sep25,38,2445,822-1600-138
2025,Sep25,38,2445,822-1600-138+TL
2025,Sep25,38,2445,822-2093-104
2025,Sep25,38,2445,822-2093-104+TL
2025,Sep25,38,2445,822-2347-404
2025,Sep25,38,2445,822-2347-404+TL
2025,Sep25,38,2445,822-2347-424
2025,Sep25,38,2445,822-2347-424+TL
2025,Sep25,38,2445,822-2904-111
2025,Sep25,38,2445,822-2904-111+TL
2025,Sep25,38,2445,822-2904-211
2025,Sep25,38,2445,822-2904-211+TL
2025,Sep25,38,2445,822-3078-002
2025,Sep25,38,2445,822-3078-002+TL
2025,Sep25,38,2445,822-3198-003
2025,Sep25,38,2445,822-3198-003+TL
2025,Sep25,38,2445,822-3255-001
2025,Sep25,38,2445,822-3255-001+TL
2025,Sep25,38,2445,822-3267-601+TL
2025,Sep25,38,2445,822-3396-002
2025,Sep25,38,2445,822-3396-002+TL
2025,Sep25,38,2445,822-3527-012
2025,Sep25,38,2445,822-3527-012+TL
2025,Sep25,38,2445,822-3592-002+TL
2025,Sep25,38,2445,822-3592-011
2025,Sep25,38,2445,822-3697-001
2025,Sep25,38,2445,822-3697-001+TL
2025,Sep25,38,2445,835-1032-010
2025,Sep25,38,2445,944-3765-008
2025,Sep25,38,2445,944-3767-105
2025,Sep25,38,2445,966-0460-004
2025,Sep25,38,2445,966-1831-005
2025,Sep25,38,2445,966-2052-405
2025,Sep25,38,2445,966-2083-244
2025,Sep25,38,2445,966-2083-344
2025,Sep25,38,2445,966-2083-364
2025,Sep25,38,2445,966-2083-964
2025,Sep25,38,2445,966-2083-974
2025,Sep25,38,2445,966-2300-482
2025,Sep25,38,2445,966-2303-001
2025,Sep25,38,2445,966-2359-009
2025,Sep25,38,2445,966-2700-004
2025,Sep25,38,2445,966-2859-010
2025,Sep25,38,2445,966-3200-004
2025,Sep25,38,2445,966-3648-001
2025,Sep25,38,2445,966-4011-002
2025,Sep25,38,2445,966-4516-007
2025,Sep25,38,2445,966-4518-006
2025,Sep25,38,2445,966-4550-012
2025,Sep25,38,2445,966-4560-002
2025,Sep25,38,2445,966-5704-005
2025,Sep25,38,2445,966-6584-014
2025,Sep25,38,2445,966-6586-004
2025,Sep25,38,2445,966-6586-005
2025,Sep25,38,2445,966-6971-005
2025,Sep25,38,2445,966-6973-103
2025,Sep25,38,2445,966-6973-104
2025,Sep25,38,2445,966-7297-302
2025,Sep25,38,2445,966-7400-011
2025,Sep25,38,2445,966-8492-004
2025,Sep25,38,2445,983-9834-111
2025,Sep25,38,2445,983-9834-111+SA
2025,Sep25,38,2445,983-9834-212
2025,Sep25,38,2445,983-9834-212+SA
2025,Sep25,38,2445,987-0018-661
2025,Sep25,38,2445,987-0018-661+PR
2025,Sep25,38,2445,987-1334-003
2025,Sep25,38,2445,987-2094-004
2025,Sep25,38,2445,987-2434-300
2025,Sep25,38,2445,987-2618-121
2025,Sep25,38,2445,987-2618-121+TL
2025,Sep25,38,2445,987-2618-221
2025,Sep25,38,2445,987-2618-221+TL
2025,Sep25,38,2445,987-2618-321
2025,Sep25,38,2445,987-2618-321+TL
2025,Sep25,38,2445,987-3594-110
2025,Sep25,38,2445,987-7173-884
2025,Sep25,38,2445,987-7173-884+SA
2025,Sep25,38,2445,987-8760-002
2025,Sep25,38,2445,987-8760-002+TL
2025,Sep25,38,2445,987-9055-202
2025,Sep25,38,2445,987-9055-202+TL
2025,Sep25,38,2445,987-9705-001
2025,Sep25,38,2445,987-9705-001+TL
2025,Sep25,38,2445,987-9705-012
2025,Sep25,38,2445,987-9705-012+TL
2025,Sep25,39,2474,277-1017-010
2025,Sep25,39,2474,523-0780737
2025,Sep25,39,2474,766-0101-001+TL
2025,Sep25,39,2474,822-1600-138
2025,Sep25,39,2474,822-1600-138+TL
2025,Sep25,39,2474,822-2093-104
2025,Sep25,39,2474,822-2093-104+TL
2025,Sep25,39,2474,822-2347-404
2025,Sep25,39,2474,822-2347-404+TL
2025,Sep25,39,2474,822-2347-424
2025,Sep25,39,2474,822-2347-424+TL
2025,Sep25,39,2474,822-2904-111
2025,Sep25,39,2474,822-2904-111+TL
2025,Sep25,39,2474,822-2904-211
2025,Sep25,39,2474,822-2904-211+TL
2025,Sep25,39,2474,822-3078-002
2025,Sep25,39,2474,822-3078-002+TL
2025,Sep25,39,2474,822-3198-003
2025,Sep25,39,2474,822-3198-003+TL
2025,Sep25,39,2474,822-3255-001
2025,Sep25,39,2474,822-3255-001+TL
2025,Sep25,39,2474,822-3267-601+TL
2025,Sep25,39,2474,822-3396-002
2025,Sep25,39,2474,822-3396-002+TL
2025,Sep25,39,2474,822-3527-012
2025,Sep25,39,2474,822-3527-012+TL
2025,Sep25,39,2474,822-3592-011
2025,Sep25,39,2474,822-3634-502+TL
2025,Sep25,39,2474,822-3697-001
2025,Sep25,39,2474,822-3697-001+TL
2025,Sep25,39,2474,835-1032-010
2025,Sep25,39,2474,944-3765-008
2025,Sep25,39,2474,944-3767-105
2025,Sep25,39,2474,966-1237-003
2025,Sep25,39,2474,966-2083-244
2025,Sep25,39,2474,966-2083-364
2025,Sep25,39,2474,966-2083-964
2025,Sep25,39,2474,966-2083-974
2025,Sep25,39,2474,966-2188-005
2025,Sep25,39,2474,966-2700-004
2025,Sep25,39,2474,966-2859-010
2025,Sep25,39,2474,966-3648-001
2025,Sep25,39,2474,966-4333-003
2025,Sep25,39,2474,966-4516-007
2025,Sep25,39,2474,966-4518-006
2025,Sep25,39,2474,966-4974-003
2025,Sep25,39,2474,966-6307-102
2025,Sep25,39,2474,966-6586-004
2025,Sep25,39,2474,966-6586-005
2025,Sep25,39,2474,966-6969-004
2025,Sep25,39,2474,966-6973-004
2025,Sep25,39,2474,966-7400-011
2025,Sep25,39,2474,983-9834-111
2025,Sep25,39,2474,983-9834-111+SA
2025,Sep25,39,2474,983-9834-212
2025,Sep25,39,2474,983-9834-212+SA
2025,Sep25,39,2474,987-0018-661
2025,Sep25,39,2474,987-0018-661+PR
2025,Sep25,39,2474,987-1334-003
2025,Sep25,39,2474,987-2094-004
2025,Sep25,39,2474,987-2434-300
2025,Sep25,39,2474,987-2618-121
2025,Sep25,39,2474,987-2618-121+TL
2025,Sep25,39,2474,987-2618-221
2025,Sep25,39,2474,987-2618-221+TL
2025,Sep25,39,2474,987-2618-321
2025,Sep25,39,2474,987-2618-321+TL
2025,Sep25,39,2474,987-3594-110
2025,Sep25,39,2474,987-7173-884
2025,Sep25,39,2474,987-7173-884+SA
2025,Sep25,39,2474,987-8760-002
2025,Sep25,39,2474,987-8760-002+TL
2025,Sep25,39,2474,987-9055-202
2025,Sep25,39,2474,987-9055-202+TL
2025,Sep25,39,2474,987-9705-001
2025,Sep25,39,2474,987-9705-001+TL
2025,Sep25,39,2474,987-9705-012
2025,Sep25,39,2474,987-9705-012+TL
2025,Sep25,39,2474,987-9705-112
2025,Oct25,40,2485,277-1017-010
2025,Oct25,40,2485,523-0780737
2025,Oct25,40,2485,601-0600-008
2025,Oct25,40,2485,766-0000-001+TL
2025,Oct25,40,2485,822-1600-138
2025,Oct25,40,2485,822-1600-138+TL
2025,Oct25,40,2485,822-2093-104
2025,Oct25,40,2485,822-2093-104+TL
2025,Oct25,40,2485,822-2093-511+TL
2025,Oct25,40,2485,822-2347-404
2025,Oct25,40,2485,822-2347-404+TL
2025,Oct25,40,2485,822-2347-424
2025,Oct25,40,2485,822-2347-424+TL
2025,Oct25,40,2485,822-2904-111
2025,Oct25,40,2485,822-2904-111+TL
2025,Oct25,40,2485,822-2904-211
2025,Oct25,40,2485,822-2904-211+TL
2025,Oct25,40,2485,822-3078-002
2025,Oct25,40,2485,822-3078-002+TL
2025,Oct25,40,2485,822-3198-003
2025,Oct25,40,2485,822-3198-003+TL
2025,Oct25,40,2485,822-3255-001
2025,Oct25,40,2485,822-3255-001+TL
2025,Oct25,40,2485,822-3267-601
2025,Oct25,40,2485,822-3267-601+TL
2025,Oct25,40,2485,822-3396-002
2025,Oct25,40,2485,822-3396-002+TL
2025,Oct25,40,2485,822-3527-012
2025,Oct25,40,2485,822-3527-012+TL
2025,Oct25,40,2485,822-3592-002
2025,Oct25,40,2485,822-3592-011
2025,Oct25,40,2485,822-3697-001
2025,Oct25,40,2485,822-3697-001+TL
2025,Oct25,40,2485,835-1032-010
2025,Oct25,40,2485,944-3765-008
2025,Oct25,40,2485,944-3767-105
2025,Oct25,40,2485,966-2052-505
2025,Oct25,40,2485,966-2083-244
2025,Oct25,40,2485,966-2083-364
2025,Oct25,40,2485,966-2083-964
2025,Oct25,40,2485,966-2083-974
2025,Oct25,40,2485,966-2300-582
2025,Oct25,40,2485,966-2359-009
2025,Oct25,40,2485,966-2700-004
2025,Oct25,40,2485,966-2859-010
2025,Oct25,40,2485,966-3200-104
2025,Oct25,40,2485,966-3648-001
2025,Oct25,40,2485,966-4516-007
2025,Oct25,40,2485,966-4518-006
2025,Oct25,40,2485,966-5704-015
2025,Oct25,40,2485,966-6586-004
2025,Oct25,40,2485,966-6586-005
2025,Oct25,40,2485,966-6971-005
2025,Oct25,40,2485,966-6973-103
2025,Oct25,40,2485,966-6973-104
2025,Oct25,40,2485,966-7400-011
2025,Oct25,40,2485,983-9834-111
2025,Oct25,40,2485,983-9834-111+SA
2025,Oct25,40,2485,983-9834-212
2025,Oct25,40,2485,983-9834-212+SA
2025,Oct25,40,2485,987-0018-661
2025,Oct25,40,2485,987-0018-661+PR
2025,Oct25,40,2485,987-1334-003
2025,Oct25,40,2485,987-2094-004
2025,Oct25,40,2485,987-2434-300
2025,Oct25,40,2485,987-2618-121
2025,Oct25,40,2485,987-2618-121+TL
2025,Oct25,40,2485,987-2618-221
2025,Oct25,40,2485,987-2618-221+TL
2025,Oct25,40,2485,987-2618-321
2025,Oct25,40,2485,987-2618-321+TL
2025,Oct25,40,2485,987-3594-110
2025,Oct25,40,2485,987-3594-200
2025,Oct25,40,2485,987-7173-884
2025,Oct25,40,2485,987-7173-884+SA
2025,Oct25,40,2485,987-8760-002
2025,Oct25,40,2485,987-8760-002+TL
2025,Oct25,40,2485,987-8770-002
2025,Oct25,40,2485,987-9055-202
2025,Oct25,40,2485,987-9055-202+TL
2025,Oct25,40,2485,987-9705-001
2025,Oct25,40,2485,987-9705-001+TL
2025,Oct25,40,2485,987-9705-012
2025,Oct25,40,2485,987-9705-012+TL
2025,Oct25,41,2430,277-1017-010
2025,Oct25,41,2430,523-0780737
2025,Oct25,41,2430,766-0000-001
2025,Oct25,41,2430,766-0101-001
2025,Oct25,41,2430,822-1600-138
2025,Oct25,41,2430,822-1600-138+TL
2025,Oct25,41,2430,822-2093-104
2025,Oct25,41,2430,822-2093-104+TL
2025,Oct25,41,2430,822-2093-511
2025,Oct25,41,2430,822-2347-404
2025,Oct25,41,2430,822-2347-404+TL
2025,Oct25,41,2430,822-2347-424
2025,Oct25,41,2430,822-2347-424+TL
2025,Oct25,41,2430,822-2904-111
2025,Oct25,41,2430,822-2904-111+TL
2025,Oct25,41,2430,822-2904-211
2025,Oct25,41,2430,822-2904-211+TL
2025,Oct25,41,2430,822-3078-002
2025,Oct25,41,2430,822-3078-002+TL
2025,Oct25,41,2430,822-3198-003
2025,Oct25,41,2430,822-3198-003+TL
2025,Oct25,41,2430,822-3255-001
2025,Oct25,41,2430,822-3255-001+TL
2025,Oct25,41,2430,822-3267-601
2025,Oct25,41,2430,822-3396-002
2025,Oct25,41,2430,822-3396-002+TL
2025,Oct25,41,2430,822-3527-012
2025,Oct25,41,2430,822-3592-011
2025,Oct25,41,2430,822-3634-502
2025,Oct25,41,2430,822-3697-001
2025,Oct25,41,2430,822-3697-001+TL
2025,Oct25,41,2430,835-1032-010
2025,Oct25,41,2430,944-3765-008
2025,Oct25,41,2430,944-3767-105
2025,Oct25,41,2430,966-2083-244
2025,Oct25,41,2430,966-2083-364
2025,Oct25,41,2430,966-2083-964
2025,Oct25,41,2430,966-2083-974
2025,Oct25,41,2430,966-2188-104
2025,Oct25,41,2430,966-2303-001
2025,Oct25,41,2430,966-2335-002
2025,Oct25,41,2430,966-2631-003
2025,Oct25,41,2430,966-2700-004
2025,Oct25,41,2430,966-2859-010
2025,Oct25,41,2430,966-3648-001
2025,Oct25,41,2430,966-4333-003
2025,Oct25,41,2430,966-4516-007
2025,Oct25,41,2430,966-4518-006
2025,Oct25,41,2430,966-5704-005
2025,Oct25,41,2430,966-6586-004
2025,Oct25,41,2430,966-6586-005
2025,Oct25,41,2430,966-6973-004
2025,Oct25,41,2430,966-7400-011
2025,Oct25,41,2430,983-9834-111
2025,Oct25,41,2430,983-9834-111+SA
2025,Oct25,41,2430,983-9834-212
2025,Oct25,41,2430,983-9834-212+SA
2025,Oct25,41,2430,987-0018-661
2025,Oct25,41,2430,987-0018-661+PR
2025,Oct25,41,2430,987-1334-003
2025,Oct25,41,2430,987-2094-004
2025,Oct25,41,2430,987-2434-300
2025,Oct25,41,2430,987-2618-121
2025,Oct25,41,2430,987-2618-121+TL
2025,Oct25,41,2430,987-2618-221
2025,Oct25,41,2430,987-2618-221+TL
2025,Oct25,41,2430,987-2618-321
2025,Oct25,41,2430,987-2618-321+TL
2025,Oct25,41,2430,987-3594-110
2025,Oct25,41,2430,987-7173-884
2025,Oct25,41,2430,987-7173-884+SA
2025,Oct25,41,2430,987-8760-002
2025,Oct25,41,2430,987-8760-002+TL
2025,Oct25,41,2430,987-9055-202
2025,Oct25,41,2430,987-9055-202+TL
2025,Oct25,41,2430,987-9705-001
2025,Oct25,41,2430,987-9705-001+TL
2025,Oct25,41,2430,987-9705-012
2025,Oct25,41,2430,987-9705-012+TL
2025,Oct25,42,2385,277-1017-010
2025,Oct25,42,2385,523-0780737
2025,Oct25,42,2385,822-1600-138
2025,Oct25,42,2385,822-1600-138+TL
2025,Oct25,42,2385,822-2093-104
2025,Oct25,42,2385,822-2093-104+TL
2025,Oct25,42,2385,822-2347-404
2025,Oct25,42,2385,822-2347-404+TL
2025,Oct25,42,2385,822-2347-424
2025,Oct25,42,2385,822-2347-424+TL
2025,Oct25,42,2385,822-2904-111
2025,Oct25,42,2385,822-2904-111+TL
2025,Oct25,42,2385,822-2904-211
2025,Oct25,42,2385,822-2904-211+TL
2025,Oct25,42,2385,822-3078-002
2025,Oct25,42,2385,822-3078-002+TL
2025,Oct25,42,2385,822-3198-003
2025,Oct25,42,2385,822-3198-003+TL
2025,Oct25,42,2385,822-3198-013+TL
2025,Oct25,42,2385,822-3255-001
2025,Oct25,42,2385,822-3255-001+TL
2025,Oct25,42,2385,822-3267-601
2025,Oct25,42,2385,822-3267-601+TL
2025,Oct25,42,2385,822-3396-002
2025,Oct25,42,2385,822-3396-002+TL
2025,Oct25,42,2385,822-3527-002+TL
2025,Oct25,42,2385,822-3592-011
2025,Oct25,42,2385,822-3697-001
2025,Oct25,42,2385,822-3697-001+TL
2025,Oct25,42,2385,835-1032-010
2025,Oct25,42,2385,944-3765-008
2025,Oct25,42,2385,944-3767-105
2025,Oct25,42,2385,966-1831-005
2025,Oct25,42,2385,966-2052-405
2025,Oct25,42,2385,966-2083-244
2025,Oct25,42,2385,966-2083-344
2025,Oct25,42,2385,966-2083-364
2025,Oct25,42,2385,966-2083-964
2025,Oct25,42,2385,966-2083-974
2025,Oct25,42,2385,966-2359-009
2025,Oct25,42,2385,966-2700-004
2025,Oct25,42,2385,966-2859-010
2025,Oct25,42,2385,966-3648-001
2025,Oct25,42,2385,966-4011-002
2025,Oct25,42,2385,966-4516-007
2025,Oct25,42,2385,966-4518-006
2025,Oct25,42,2385,966-6584-014
2025,Oct25,42,2385,966-6586-004
2025,Oct25,42,2385,966-6586-005
2025,Oct25,42,2385,966-6973-003
2025,Oct25,42,2385,966-6973-103
2025,Oct25,42,2385,966-6973-104
2025,Oct25,42,2385,966-7400-011
2025,Oct25,42,2385,983-9834-111
2025,Oct25,42,2385,983-9834-111+SA
2025,Oct25,42,2385,983-9834-212
2025,Oct25,42,2385,983-9834-212+SA
2025,Oct25,42,2385,987-0018-661
2025,Oct25,42,2385,987-0018-661+PR
2025,Oct25,42,2385,987-1334-003
2025,Oct25,42,2385,987-2094-004
2025,Oct25,42,2385,987-2434-300
2025,Oct25,42,2385,987-2618-121
2025,Oct25,42,2385,987-2618-121+TL
2025,Oct25,42,2385,987-2618-221
2025,Oct25,42,2385,987-2618-221+TL
2025,Oct25,42,2385,987-2618-321
2025,Oct25,42,2385,987-2618-321+TL
2025,Oct25,42,2385,987-3594-110
2025,Oct25,42,2385,987-7173-884
2025,Oct25,42,2385,987-7173-884+SA
2025,Oct25,42,2385,987-8760-002
2025,Oct25,42,2385,987-8760-002+TL
2025,Oct25,42,2385,987-9055-202
2025,Oct25,42,2385,987-9055-202+TL
2025,Oct25,42,2385,987-9705-001
2025,Oct25,42,2385,987-9705-001+TL
2025,Oct25,42,2385,987-9705-012
2025,Oct25,42,2385,987-9705-012+TL
2025,Oct25,43,2449,277-1017-010
2025,Oct25,43,2449,523-0780737
2025,Oct25,43,2449,601-0600-008
2025,Oct25,43,2449,822-1600-138
2025,Oct25,43,2449,822-1600-138+TL
2025,Oct25,43,2449,822-2093-104
2025,Oct25,43,2449,822-2093-104+TL
2025,Oct25,43,2449,822-2347-404
2025,Oct25,43,2449,822-2347-404+TL
2025,Oct25,43,2449,822-2347-424
2025,Oct25,43,2449,822-2347-424+TL
2025,Oct25,43,2449,822-2904-111
2025,Oct25,43,2449,822-2904-111+TL
2025,Oct25,43,2449,822-2904-211
2025,Oct25,43,2449,822-2904-211+TL
2025,Oct25,43,2449,822-3078-002
2025,Oct25,43,2449,822-3198-003
2025,Oct25,43,2449,822-3198-003+TL
2025,Oct25,43,2449,822-3198-013
2025,Oct25,43,2449,822-3198-013+TL
2025,Oct25,43,2449,822-3255-001
2025,Oct25,43,2449,822-3255-001+TL
2025,Oct25,43,2449,822-3267-601+TL
2025,Oct25,43,2449,822-3396-002
2025,Oct25,43,2449,822-3396-002+TL
2025,Oct25,43,2449,822-3396-012+TL
2025,Oct25,43,2449,822-3592-002+TL
2025,Oct25,43,2449,822-3592-011
2025,Oct25,43,2449,822-3697-001
2025,Oct25,43,2449,822-3697-001+TL
2025,Oct25,43,2449,835-1032-010
2025,Oct25,43,2449,944-3765-008
2025,Oct25,43,2449,944-3767-105
2025,Oct25,43,2449,966-0460-004
2025,Oct25,43,2449,966-2083-244
2025,Oct25,43,2449,966-2083-364
2025,Oct25,43,2449,966-2083-964
2025,Oct25,43,2449,966-2083-974
2025,Oct25,43,2449,966-2188-005
2025,Oct25,43,2449,966-2300-482
2025,Oct25,43,2449,966-2700-004
2025,Oct25,43,2449,966-2859-010
2025,Oct25,43,2449,966-3648-001
2025,Oct25,43,2449,966-4333-003
2025,Oct25,43,2449,966-4516-007
2025,Oct25,43,2449,966-4518-006
2025,Oct25,43,2449,966-6586-004
2025,Oct25,43,2449,966-6586-005
2025,Oct25,43,2449,966-6973-004
2025,Oct25,43,2449,966-7400-011
2025,Oct25,43,2449,983-9834-111
2025,Oct25,43,2449,983-9834-111+SA
2025,Oct25,43,2449,983-9834-212
2025,Oct25,43,2449,983-9834-212+SA
2025,Oct25,43,2449,987-0018-661
2025,Oct25,43,2449,987-0018-661+PR
2025,Oct25,43,2449,987-1334-003
2025,Oct25,43,2449,987-2094-004
2025,Oct25,43,2449,987-2434-300
2025,Oct25,43,2449,987-2618-121
2025,Oct25,43,2449,987-2618-121+TL
2025,Oct25,43,2449,987-2618-221
2025,Oct25,43,2449,987-2618-221+TL
2025,Oct25,43,2449,987-2618-321
2025,Oct25,43,2449,987-2618-321+TL
2025,Oct25,43,2449,987-3594-110
2025,Oct25,43,2449,987-7173-884
2025,Oct25,43,2449,987-7173-884+SA
2025,Oct25,43,2449,987-8760-002
2025,Oct25,43,2449,987-8760-002+TL
2025,Oct25,43,2449,987-9055-202
2025,Oct25,43,2449,987-9055-202+TL
2025,Oct25,43,2449,987-9705-001
2025,Oct25,43,2449,987-9705-001+TL
2025,Oct25,43,2449,987-9705-012
2025,Oct25,43,2449,987-9705-012+TL
2025,Oct25,43,2449,987-9705-112
2025,Nov25,44,2489,277-1017-010
2025,Nov25,44,2489,523-0780737
2025,Nov25,44,2489,822-1600-138
2025,Nov25,44,2489,822-1600-138+TL
2025,Nov25,44,2489,822-2093-104
2025,Nov25,44,2489,822-2093-104+TL
2025,Nov25,44,2489,822-2093-511+TL
2025,Nov25,44,2489,822-2347-404
2025,Nov25,44,2489,822-2347-404+TL
2025,Nov25,44,2489,822-2347-424
2025,Nov25,44,2489,822-2347-424+TL
2025,Nov25,44,2489,822-2904-111
2025,Nov25,44,2489,822-2904-111+TL
2025,Nov25,44,2489,822-2904-211
2025,Nov25,44,2489,822-2904-211+TL
2025,Nov25,44,2489,822-3078-002
2025,Nov25,44,2489,822-3198-003
2025,Nov25,44,2489,822-3198-003+TL
2025,Nov25,44,2489,822-3198-013
2025,Nov25,44,2489,822-3198-013+TL
2025,Nov25,44,2489,822-3255-001
2025,Nov25,44,2489,822-3255-001+TL
2025,Nov25,44,2489,822-3267-601
2025,Nov25,44,2489,822-3267-601+TL
2025,Nov25,44,2489,822-3396-002
2025,Nov25,44,2489,822-3396-002+TL
2025,Nov25,44,2489,822-3527-002
2025,Nov25,44,2489,822-3592-011
2025,Nov25,44,2489,822-3697-001
2025,Nov25,44,2489,822-3697-001+TL
2025,Nov25,44,2489,835-1032-010
2025,Nov25,44,2489,944-3765-008
2025,Nov25,44,2489,944-3767-105
2025,Nov25,44,2489,966-1831-005
2025,Nov25,44,2489,966-2083-244
2025,Nov25,44,2489,966-2083-344
2025,Nov25,44,2489,966-2083-364
2025,Nov25,44,2489,966-2083-964
2025,Nov25,44,2489,966-2359-009
2025,Nov25,44,2489,966-2700-004
2025,Nov25,44,2489,966-2859-010
2025,Nov25,44,2489,966-3648-001
2025,Nov25,44,2489,966-4516-007
2025,Nov25,44,2489,966-4518-006
2025,Nov25,44,2489,966-5704-005
2025,Nov25,44,2489,966-6586-004
2025,Nov25,44,2489,966-6586-005
2025,Nov25,44,2489,966-6973-103
2025,Nov25,44,2489,966-6973-104
2025,Nov25,44,2489,966-7400-011
2025,Nov25,44,2489,983-9834-111
2025,Nov25,44,2489,983-9834-111+SA
2025,Nov25,44,2489,983-9834-212
2025,Nov25,44,2489,983-9834-212+SA
2025,Nov25,44,2489,987-0018-661
2025,Nov25,44,2489,987-0018-661+PR
2025,Nov25,44,2489,987-1334-003
2025,Nov25,44,2489,987-2094-004
2025,Nov25,44,2489,987-2434-300
2025,Nov25,44,2489,987-2618-121
2025,Nov25,44,2489,987-2618-121+TL
2025,Nov25,44,2489,987-2618-221
2025,Nov25,44,2489,987-2618-221+TL
2025,Nov25,44,2489,987-2618-321
2025,Nov25,44,2489,987-2618-321+TL
2025,Nov25,44,2489,987-3594-110
2025,Nov25,44,2489,987-7173-884
2025,Nov25,44,2489,987-7173-884+SA
2025,Nov25,44,2489,987-8760-002
2025,Nov25,44,2489,987-8760-002+TL
2025,Nov25,44,2489,987-9055-202
2025,Nov25,44,2489,987-9055-202+TL
2025,Nov25,44,2489,987-9658-001
2025,Nov25,44,2489,987-9705-001
2025,Nov25,44,2489,987-9705-001+TL
2025,Nov25,44,2489,987-9705-012
2025,Nov25,44,2489,987-9705-012+TL
2025,Nov25,45,2457,277-1017-010
2025,Nov25,45,2457,523-0780737
2025,Nov25,45,2457,822-1600-138
2025,Nov25,45,2457,822-1600-138+TL
2025,Nov25,45,2457,822-2093-104
2025,Nov25,45,2457,822-2093-104+TL
2025,Nov25,45,2457,822-2093-511
2025,Nov25,45,2457,822-2347-404
2025,Nov25,45,2457,822-2347-404+TL
2025,Nov25,45,2457,822-2347-424
2025,Nov25,45,2457,822-2347-424+TL
2025,Nov25,45,2457,822-2904-111
2025,Nov25,45,2457,822-2904-111+TL
2025,Nov25,45,2457,822-2904-211
2025,Nov25,45,2457,822-2904-211+TL
2025,Nov25,45,2457,822-3078-002
2025,Nov25,45,2457,822-3198-003
2025,Nov25,45,2457,822-3198-003+TL
2025,Nov25,45,2457,822-3198-013
2025,Nov25,45,2457,822-3198-013+TL
2025,Nov25,45,2457,822-3255-001
2025,Nov25,45,2457,822-3255-001+TL
2025,Nov25,45,2457,822-3267-601
2025,Nov25,45,2457,822-3267-601+TL
2025,Nov25,45,2457,822-3396-002
2025,Nov25,45,2457,822-3396-002+TL
2025,Nov25,45,2457,822-3396-012
2025,Nov25,45,2457,822-3592-002
2025,Nov25,45,2457,822-3592-011
2025,Nov25,45,2457,822-3697-001
2025,Nov25,45,2457,835-1032-010
2025,Nov25,45,2457,944-3765-008
2025,Nov25,45,2457,944-3767-105
2025,Nov25,45,2457,966-2083-244
2025,Nov25,45,2457,966-2083-964
2025,Nov25,45,2457,966-2083-974
2025,Nov25,45,2457,966-2188-104
2025,Nov25,45,2457,966-2303-001
2025,Nov25,45,2457,966-2335-002
2025,Nov25,45,2457,966-2700-004
2025,Nov25,45,2457,966-2859-010
2025,Nov25,45,2457,966-4333-003
2025,Nov25,45,2457,966-4516-007
2025,Nov25,45,2457,966-4518-006
2025,Nov25,45,2457,966-6586-004
2025,Nov25,45,2457,966-6586-005
2025,Nov25,45,2457,966-7400-011
2025,Nov25,45,2457,966-7964-004
2025,Nov25,45,2457,966-8303-003
2025,Nov25,45,2457,983-9834-111
2025,Nov25,45,2457,983-9834-212
2025,Nov25,45,2457,987-0018-661
2025,Nov25,45,2457,987-0018-661+PR
2025,Nov25,45,2457,987-1334-003
2025,Nov25,45,2457,987-2094-004
2025,Nov25,45,2457,987-2434-300
2025,Nov25,45,2457,987-2618-021+TL
2025,Nov25,45,2457,987-2618-121
2025,Nov25,45,2457,987-2618-121+TL
2025,Nov25,45,2457,987-2618-221
2025,Nov25,45,2457,987-2618-221+TL
2025,Nov25,45,2457,987-2618-321
2025,Nov25,45,2457,987-2618-321+TL
2025,Nov25,45,2457,987-3594-110
2025,Nov25,45,2457,987-7173-884
2025,Nov25,45,2457,987-7173-884+SA
2025,Nov25,45,2457,987-7173-885+SA
2025,Nov25,45,2457,987-8760-002
2025,Nov25,45,2457,987-8760-002+TL
2025,Nov25,45,2457,987-8770-002
2025,Nov25,45,2457,987-9055-202
2025,Nov25,45,2457,987-9055-202+TL
2025,Nov25,45,2457,987-9658-001
2025,Nov25,45,2457,987-9705-001
2025,Nov25,45,2457,987-9705-001+TL
2025,Nov25,45,2457,987-9705-012
2025,Nov25,45,2457,987-9705-012+TL
2025,Nov25,46,2355,277-1017-010
2025,Nov25,46,2355,523-0780737
2025,Nov25,46,2355,601-0600-008
2025,Nov25,46,2355,822-1600-138
2025,Nov25,46,2355,822-1600-138+TL
2025,Nov25,46,2355,822-2093-104
2025,Nov25,46,2355,822-2093-104+TL
2025,Nov25,46,2355,822-2347-404
2025,Nov25,46,2355,822-2347-404+TL
2025,Nov25,46,2355,822-2347-424
2025,Nov25,46,2355,822-2347-424+TL
2025,Nov25,46,2355,822-2904-111
2025,Nov25,46,2355,822-2904-111+TL
2025,Nov25,46,2355,822-2904-211
2025,Nov25,46,2355,822-2904-211+TL
2025,Nov25,46,2355,822-3198-003
2025,Nov25,46,2355,822-3198-003+TL
2025,Nov25,46,2355,822-3198-013
2025,Nov25,46,2355,822-3198-013+TL
2025,Nov25,46,2355,822-3255-001
2025,Nov25,46,2355,822-3255-001+TL
2025,Nov25,46,2355,822-3267-601
2025,Nov25,46,2355,822-3396-002
2025,Nov25,46,2355,822-3396-002+TL
2025,Nov25,46,2355,822-3592-011
2025,Nov25,46,2355,822-3697-001
2025,Nov25,46,2355,835-1032-010
2025,Nov25,46,2355,944-3765-008
2025,Nov25,46,2355,944-3767-105
2025,Nov25,46,2355,966-1237-003
2025,Nov25,46,2355,966-1831-005
2025,Nov25,46,2355,966-2052-405
2025,Nov25,46,2355,966-2083-244
2025,Nov25,46,2355,966-2083-344
2025,Nov25,46,2355,966-2083-964
2025,Nov25,46,2355,966-2083-974
2025,Nov25,46,2355,966-2083-984
2025,Nov25,46,2355,966-2359-009
2025,Nov25,46,2355,966-2700-004
2025,Nov25,46,2355,966-2859-010
2025,Nov25,46,2355,966-3200-004
2025,Nov25,46,2355,966-4011-002
2025,Nov25,46,2355,966-4516-007
2025,Nov25,46,2355,966-4518-006
2025,Nov25,46,2355,966-6584-014
2025,Nov25,46,2355,966-6586-004
2025,Nov25,46,2355,966-6586-005
2025,Nov25,46,2355,966-6969-004
2025,Nov25,46,2355,966-6971-005
2025,Nov25,46,2355,966-6973-004
2025,Nov25,46,2355,966-6973-103
2025,Nov25,46,2355,966-6973-104
2025,Nov25,46,2355,966-7400-011
2025,Nov25,46,2355,983-9834-111
2025,Nov25,46,2355,983-9834-111+SA
2025,Nov25,46,2355,983-9834-212
2025,Nov25,46,2355,987-0018-661
2025,Nov25,46,2355,987-0018-661+PR
2025,Nov25,46,2355,987-1334-003
2025,Nov25,46,2355,987-2094-004
2025,Nov25,46,2355,987-2434-300
2025,Nov25,46,2355,987-2618-121
2025,Nov25,46,2355,987-2618-121+TL
2025,Nov25,46,2355,987-2618-221
2025,Nov25,46,2355,987-2618-221+TL
2025,Nov25,46,2355,987-2618-321
2025,Nov25,46,2355,987-2618-321+TL
2025,Nov25,46,2355,987-3594-110
2025,Nov25,46,2355,987-7173-884
2025,Nov25,46,2355,987-8760-002
2025,Nov25,46,2355,987-8760-002+TL
2025,Nov25,46,2355,987-9055-202
2025,Nov25,46,2355,987-9055-202+TL
2025,Nov25,46,2355,987-9658-001
2025,Nov25,46,2355,987-9705-001
2025,Nov25,46,2355,987-9705-001+TL
2025,Nov25,46,2355,987-9705-012
2025,Nov25,46,2355,987-9705-012+TL
2025,Nov25,47,2244,277-1017-010
2025,Nov25,47,2244,822-1600-138
2025,Nov25,47,2244,822-1600-138+TL
2025,Nov25,47,2244,822-2093-104
2025,Nov25,47,2244,822-2093-104+TL
2025,Nov25,47,2244,822-2093-511+TL
2025,Nov25,47,2244,822-2347-404
2025,Nov25,47,2244,822-2347-424
2025,Nov25,47,2244,822-2347-504+TL
2025,Nov25,47,2244,822-2904-111
2025,Nov25,47,2244,822-2904-211
2025,Nov25,47,2244,822-3198-003
2025,Nov25,47,2244,822-3198-003+TL
2025,Nov25,47,2244,822-3198-013
2025,Nov25,47,2244,822-3255-001
2025,Nov25,47,2244,822-3255-001+TL
2025,Nov25,47,2244,822-3267-601
2025,Nov25,47,2244,822-3396-002
2025,Nov25,47,2244,822-3396-002+TL
2025,Nov25,47,2244,822-3592-011
2025,Nov25,47,2244,835-1032-010
2025,Nov25,47,2244,944-3765-008
2025,Nov25,47,2244,944-3767-105
2025,Nov25,47,2244,966-2083-244
2025,Nov25,47,2244,966-2083-364
2025,Nov25,47,2244,966-2083-964
2025,Nov25,47,2244,966-2083-974
2025,Nov25,47,2244,966-2188-005
2025,Nov25,47,2244,966-2300-482
2025,Nov25,47,2244,966-2631-003
2025,Nov25,47,2244,966-2700-004
2025,Nov25,47,2244,966-2724-001
2025,Nov25,47,2244,966-2859-010
2025,Nov25,47,2244,966-3648-001
2025,Nov25,47,2244,966-4516-007
2025,Nov25,47,2244,966-4518-006
2025,Nov25,47,2244,966-4974-003
2025,Nov25,47,2244,966-5704-005
2025,Nov25,47,2244,966-5704-015
2025,Nov25,47,2244,966-6305-003
2025,Nov25,47,2244,966-6309-002
2025,Nov25,47,2244,966-6586-004
2025,Nov25,47,2244,966-6586-005
2025,Nov25,47,2244,966-7297-302
2025,Nov25,47,2244,966-7400-011
2025,Nov25,47,2244,987-0018-661
2025,Nov25,47,2244,987-0018-661+PR
2025,Nov25,47,2244,987-1334-003
2025,Nov25,47,2244,987-2094-004
2025,Nov25,47,2244,987-2434-300
2025,Nov25,47,2244,987-2618-021
2025,Nov25,47,2244,987-2618-121
2025,Nov25,47,2244,987-2618-121+TL
2025,Nov25,47,2244,987-2618-221
2025,Nov25,47,2244,987-2618-221+TL
2025,Nov25,47,2244,987-2618-321
2025,Nov25,47,2244,987-2618-321+TL
2025,Nov25,47,2244,987-3594-110
2025,Nov25,47,2244,987-7173-884
2025,Nov25,47,2244,987-7173-885
2025,Nov25,47,2244,987-8760-002
2025,Nov25,47,2244,987-8760-002+TL
2025,Nov25,47,2244,987-9055-202
2025,Nov25,47,2244,987-9055-202+TL
2025,Nov25,47,2244,987-9658-001
2025,Nov25,47,2244,987-9705-001
2025,Nov25,47,2244,987-9705-001+TL
2025,Nov25,47,2244,987-9705-012
2025,Nov25,47,2244,987-9705-012+TL
2025,Nov25,47,2244,CCA-002B-001
2025,Dec25,48,875,822-1600-138
2025,Dec25,48,875,822-1600-138+TL
2025,Dec25,48,875,822-2093-104
2025,Dec25,48,875,822-2093-104+TL
2025,Dec25,48,875,822-2347-404
2025,Dec25,48,875,822-3198-003
2025,Dec25,48,875,822-3198-003+TL
2025,Dec25,48,875,822-3255-001
2025,Dec25,48,875,822-3255-001+TL
2025,Dec25,48,875,822-3396-002
2025,Dec25,48,875,822-3396-002+TL
2025,Dec25,48,875,822-3592-011
2025,Dec25,48,875,835-1032-010
2025,Dec25,48,875,944-3767-105
2025,Dec25,48,875,966-2083-244
2025,Dec25,48,875,966-2083-364
2025,Dec25,48,875,966-2083-964
2025,Dec25,48,875,966-2083-974
2025,Dec25,48,875,966-2700-004
2025,Dec25,48,875,966-3648-001
2025,Dec25,48,875,966-4516-007
2025,Dec25,48,875,966-4518-006
2025,Dec25,48,875,966-6305-002
2025,Dec25,48,875,966-6307-102
2025,Dec25,48,875,966-6586-005
2025,Dec25,48,875,966-6969-004
2025,Dec25,48,875,966-6971-005
2025,Dec25,48,875,966-7964-004
2025,Dec25,48,875,966-8303-003
2025,Dec25,48,875,987-0018-661
2025,Dec25,48,875,987-0018-661+PR
2025,Dec25,48,875,987-1334-003
2025,Dec25,48,875,987-2094-004
2025,Dec25,48,875,987-2434-300
2025,Dec25,48,875,987-2618-121
2025,Dec25,48,875,987-2618-121+TL
2025,Dec25,48,875,987-2618-221
2025,Dec25,48,875,987-2618-321
2025,Dec25,48,875,987-2618-321+TL
2025,Dec25,48,875,987-3594-110
2025,Dec25,48,875,987-7173-080
2025,Dec25,48,875,987-7173-884+SA
2025,Dec25,48,875,987-8760-002
2025,Dec25,48,875,987-8760-002+TL
2025,Dec25,48,875,987-9055-202
2025,Dec25,48,875,987-9055-202+TL
2025,Dec25,48,875,987-9658-001
2025,Dec25,48,875,987-9705-001
2025,Dec25,48,875,987-9705-001+TL
2025,Dec25,48,875,987-9705-012
2025,Dec25,48,875,987-9705-012+TL
2025,Dec25,49,1216,277-1017-010
2025,Dec25,49,1216,523-0780737
2025,Dec25,49,1216,822-1600-138
2025,Dec25,49,1216,822-1600-138+TL
2025,Dec25,49,1216,822-2093-104
2025,Dec25,49,1216,822-2093-104+TL
2025,Dec25,49,1216,822-2093-511
2025,Dec25,49,1216,822-2347-504
2025,Dec25,49,1216,822-3078-002+TL
2025,Dec25,49,1216,822-3198-003
2025,Dec25,49,1216,822-3198-003+TL
2025,Dec25,49,1216,822-3255-001
2025,Dec25,49,1216,822-3396-002
2025,Dec25,49,1216,822-3396-002+TL
2025,Dec25,49,1216,822-3592-011
2025,Dec25,49,1216,822-3697-001+TL
2025,Dec25,49,1216,944-3765-008
2025,Dec25,49,1216,944-3767-105
2025,Dec25,49,1216,966-0460-004
2025,Dec25,49,1216,966-1831-005
2025,Dec25,49,1216,966-2083-244
2025,Dec25,49,1216,966-2083-344
2025,Dec25,49,1216,966-2083-364
2025,Dec25,49,1216,966-2083-964
2025,Dec25,49,1216,966-2083-974
2025,Dec25,49,1216,966-2188-104
2025,Dec25,49,1216,966-2303-001
2025,Dec25,49,1216,966-2359-009
2025,Dec25,49,1216,966-2700-004
2025,Dec25,49,1216,966-3200-104
2025,Dec25,49,1216,966-3648-001
2025,Dec25,49,1216,966-4333-003
2025,Dec25,49,1216,966-4516-007
2025,Dec25,49,1216,966-4518-006
2025,Dec25,49,1216,966-4550-012
2025,Dec25,49,1216,966-4560-002
2025,Dec25,49,1216,966-6586-004
2025,Dec25,49,1216,966-6586-005
2025,Dec25,49,1216,966-6973-004
2025,Dec25,49,1216,966-6973-103
2025,Dec25,49,1216,966-6973-104
2025,Dec25,49,1216,966-7400-011
2025,Dec25,49,1216,966-7964-004
2025,Dec25,49,1216,966-8303-003
2025,Dec25,49,1216,983-9834-111
2025,Dec25,49,1216,983-9834-111+SA
2025,Dec25,49,1216,983-9834-212+SA
2025,Dec25,49,1216,987-0018-661
2025,Dec25,49,1216,987-0018-661+PR
2025,Dec25,49,1216,987-1334-003
2025,Dec25,49,1216,987-2094-004
2025,Dec25,49,1216,987-2434-300
2025,Dec25,49,1216,987-2618-121
2025,Dec25,49,1216,987-2618-121+TL
2025,Dec25,49,1216,987-2618-221
2025,Dec25,49,1216,987-2618-321
2025,Dec25,49,1216,987-2618-321+TL
2025,Dec25,49,1216,987-3594-110
2025,Dec25,49,1216,987-7173-884+SA
2025,Dec25,49,1216,987-8760-002
2025,Dec25,49,1216,987-8760-002+TL
2025,Dec25,49,1216,987-9055-202
2025,Dec25,49,1216,987-9055-202+TL
2025,Dec25,49,1216,987-9658-001
2025,Dec25,49,1216,987-9705-001
2025,Dec25,49,1216,987-9705-001+TL
2025,Dec25,49,1216,987-9705-012
2025,Dec25,49,1216,987-9705-012+TL
2025,Dec25,50,1320,277-1017-010
2025,Dec25,50,1320,523-0780737
2025,Dec25,50,1320,601-0600-008
2025,Dec25,50,1320,822-1600-138
2025,Dec25,50,1320,822-1600-138+TL
2025,Dec25,50,1320,822-2093-104
2025,Dec25,50,1320,822-2093-104+TL
2025,Dec25,50,1320,822-3078-002+TL
2025,Dec25,50,1320,822-3198-003
2025,Dec25,50,1320,822-3198-003+TL
2025,Dec25,50,1320,822-3396-002
2025,Dec25,50,1320,822-3396-002+TL
2025,Dec25,50,1320,822-3396-012+TL
2025,Dec25,50,1320,822-3592-011
2025,Dec25,50,1320,822-3697-001+TL
2025,Dec25,50,1320,835-1032-010
2025,Dec25,50,1320,944-3765-008
2025,Dec25,50,1320,944-3767-105
2025,Dec25,50,1320,966-2052-405
2025,Dec25,50,1320,966-2083-244
2025,Dec25,50,1320,966-2083-364
2025,Dec25,50,1320,966-2083-964
2025,Dec25,50,1320,966-2083-974
2025,Dec25,50,1320,966-2083-984
2025,Dec25,50,1320,966-2335-002
2025,Dec25,50,1320,966-2859-010
2025,Dec25,50,1320,966-3648-001
2025,Dec25,50,1320,966-4516-007
2025,Dec25,50,1320,966-4518-006
2025,Dec25,50,1320,966-5704-005
2025,Dec25,50,1320,966-5704-015
2025,Dec25,50,1320,966-6584-014
2025,Dec25,50,1320,966-6586-004
2025,Dec25,50,1320,966-6586-005
2025,Dec25,50,1320,966-6969-004
2025,Dec25,50,1320,966-6971-005
2025,Dec25,50,1320,966-6973-003
2025,Dec25,50,1320,966-7400-011
2025,Dec25,50,1320,983-9834-111+SA
2025,Dec25,50,1320,983-9834-212+SA
2025,Dec25,50,1320,987-0018-661
2025,Dec25,50,1320,987-0018-661+PR
2025,Dec25,50,1320,987-1334-003
2025,Dec25,50,1320,987-2094-004
2025,Dec25,50,1320,987-2434-300
2025,Dec25,50,1320,987-2618-121
2025,Dec25,50,1320,987-2618-121+TL
2025,Dec25,50,1320,987-2618-221
2025,Dec25,50,1320,987-2618-221+TL
2025,Dec25,50,1320,987-2618-321
2025,Dec25,50,1320,987-2618-321+TL
2025,Dec25,50,1320,987-3594-110
2025,Dec25,50,1320,987-7173-884
2025,Dec25,50,1320,987-7173-884+SA
2025,Dec25,50,1320,987-8760-002
2025,Dec25,50,1320,987-8760-002+TL
2025,Dec25,50,1320,987-8770-002
2025,Dec25,50,1320,987-9055-202
2025,Dec25,50,1320,987-9055-202+TL
2025,Dec25,50,1320,987-9658-001
2025,Dec25,50,1320,987-9705-001
2025,Dec25,50,1320,987-9705-001+TL
2025,Dec25,50,1320,987-9705-012
2025,Dec25,51,1818,277-1017-010
2025,Dec25,51,1818,523-0780737
2025,Dec25,51,1818,822-1600-138
2025,Dec25,51,1818,822-1600-138+TL
2025,Dec25,51,1818,822-2093-104
2025,Dec25,51,1818,822-2093-104+TL
2025,Dec25,51,1818,822-2347-404+TL
2025,Dec25,51,1818,822-2347-424+TL
2025,Dec25,51,1818,822-2904-111+TL
2025,Dec25,51,1818,822-2904-211+TL
2025,Dec25,51,1818,822-3078-002+TL
2025,Dec25,51,1818,822-3198-003
2025,Dec25,51,1818,822-3198-003+TL
2025,Dec25,51,1818,822-3255-001+TL
2025,Dec25,51,1818,822-3396-002
2025,Dec25,51,1818,822-3396-002+TL
2025,Dec25,51,1818,822-3396-012+TL
2025,Dec25,51,1818,822-3592-011
2025,Dec25,51,1818,822-3634-502+TL
2025,Dec25,51,1818,822-3697-001+TL
2025,Dec25,51,1818,944-3765-008
2025,Dec25,51,1818,944-3767-105
2025,Dec25,51,1818,966-1831-005
2025,Dec25,51,1818,966-2083-244
2025,Dec25,51,1818,966-2083-344
2025,Dec25,51,1818,966-2083-364
2025,Dec25,51,1818,966-2083-964
2025,Dec25,51,1818,966-2083-974
2025,Dec25,51,1818,966-2188-005
2025,Dec25,51,1818,966-2300-482
2025,Dec25,51,1818,966-2359-009
2025,Dec25,51,1818,966-2700-004
2025,Dec25,51,1818,966-2859-010
2025,Dec25,51,1818,966-3200-004
2025,Dec25,51,1818,966-3648-001
2025,Dec25,51,1818,966-4333-003
2025,Dec25,51,1818,966-4516-007
2025,Dec25,51,1818,966-4518-006
2025,Dec25,51,1818,966-6586-004
2025,Dec25,51,1818,966-6586-005
2025,Dec25,51,1818,966-6973-004
2025,Dec25,51,1818,966-6973-103
2025,Dec25,51,1818,966-6973-104
2025,Dec25,51,1818,966-7400-011
2025,Dec25,51,1818,983-9834-111
2025,Dec25,51,1818,983-9834-111+SA
2025,Dec25,51,1818,983-9834-212
2025,Dec25,51,1818,983-9834-212+SA
2025,Dec25,51,1818,987-0018-661
2025,Dec25,51,1818,987-0018-661+PR
2025,Dec25,51,1818,987-1334-003
2025,Dec25,51,1818,987-2094-004
2025,Dec25,51,1818,987-2434-300
2025,Dec25,51,1818,987-2618-121
2025,Dec25,51,1818,987-2618-121+TL
2025,Dec25,51,1818,987-2618-221+TL
2025,Dec25,51,1818,987-2618-321
2025,Dec25,51,1818,987-2618-321+TL
2025,Dec25,51,1818,987-3594-110
2025,Dec25,51,1818,987-7173-080
2025,Dec25,51,1818,987-7173-884
2025,Dec25,51,1818,987-7173-884+SA
2025,Dec25,51,1818,987-8760-002
2025,Dec25,51,1818,987-8760-002+TL
2025,Dec25,51,1818,987-9055-202
2025,Dec25,51,1818,987-9658-001
2025,Dec25,51,1818,987-9705-001
2025,Dec25,51,1818,987-9705-001+TL
2025,Dec25,51,1818,987-9705-012+TL
2025,Dec25,52,967,277-1017-010
2025,Dec25,52,967,523-0780737
2025,Dec25,52,967,822-1600-138+TL
2025,Dec25,52,967,822-2093-104
2025,Dec25,52,967,822-2093-104+TL
2025,Dec25,52,967,822-2347-404+TL
2025,Dec25,52,967,822-2347-424+TL
2025,Dec25,52,967,822-2904-111+TL
2025,Dec25,52,967,822-2904-211+TL
2025,Dec25,52,967,822-3078-002+TL
2025,Dec25,52,967,822-3198-003
2025,Dec25,52,967,822-3198-003+TL
2025,Dec25,52,967,822-3255-001+TL
2025,Dec25,52,967,822-3396-002+TL
2025,Dec25,52,967,822-3396-012+TL
2025,Dec25,52,967,822-3527-012+TL
2025,Dec25,52,967,822-3592-011
2025,Dec25,52,967,822-3697-001+TL
2025,Dec25,52,967,835-1032-010
2025,Dec25,52,967,944-3765-008
2025,Dec25,52,967,966-2083-244
2025,Dec25,52,967,966-2083-964
2025,Dec25,52,967,966-2083-974
2025,Dec25,52,967,966-2303-001
2025,Dec25,52,967,966-2631-003
2025,Dec25,52,967,966-2700-004
2025,Dec25,52,967,966-6586-004
2025,Dec25,52,967,966-7400-011
2025,Dec25,52,967,983-9834-111
2025,Dec25,52,967,983-9834-111+SA
2025,Dec25,52,967,983-9834-212
2025,Dec25,52,967,983-9834-212+SA
2025,Dec25,52,967,987-0018-661
2025,Dec25,52,967,987-1334-003
2025,Dec25,52,967,987-2094-004
2025,Dec25,52,967,987-2434-300
2025,Dec25,52,967,987-2618-121+TL
2025,Dec25,52,967,987-2618-221+TL
2025,Dec25,52,967,987-2618-321
2025,Dec25,52,967,987-2618-321+TL
2025,Dec25,52,967,987-3594-110
2025,Dec25,52,967,987-7173-884
2025,Dec25,52,967,987-7173-884+SA
2025,Dec25,52,967,987-8760-002
2025,Dec25,52,967,987-9658-001
2025,Dec25,52,967,987-9705-001
2025,Dec25,52,967,987-9705-001+TL
2025,Dec25,52,967,987-9705-012+TL
